域名,传输方式,错误码,错误信息,解析结果
google.com,UDP,0,successful,74.125.71.103,74.125.71.104,74.125.71.105,74.125.71.106,74.125.71.147,74.125.71.99
google.com,TCP,0,successful,74.125.71.103,74.125.71.104,74.125.71.105,74.125.71.106,74.125.71.147,74.125.71.99
facebook.com,UDP,0,successful,66.220.149.11,69.171.224.11,69.171.229.11
facebook.com,TCP,0,successful,66.220.149.11,69.171.224.11,69.171.229.11
youtube.com,UDP,0,successful,74.125.71.136,74.125.71.190,74.125.71.91,74.125.71.93
youtube.com,TCP,0,successful,74.125.71.136,74.125.71.190,74.125.71.91,74.125.71.93
yahoo.com,UDP,0,successful,209.191.122.70,72.30.2.43,98.137.149.56,98.139.180.149
yahoo.com,TCP,0,successful,209.191.122.70,72.30.2.43,98.137.149.56,98.139.180.149
baidu.com,UDP,0,successful,123.125.114.144,220.181.111.85,220.181.111.86
baidu.com,TCP,0,successful,123.125.114.144,220.181.111.85,220.181.111.86
wikipedia.org,UDP,0,successful,208.80.152.201
wikipedia.org,TCP,0,successful,208.80.152.201
live.com,UDP,0,successful,65.55.206.154
live.com,TCP,0,successful,65.55.206.154
blogspot.com,UDP,0,successful,74.125.71.191
blogspot.com,TCP,0,successful,74.125.71.191
amazon.com,UDP,0,successful,72.21.194.1,72.21.211.176,72.21.214.128
amazon.com,TCP,0,successful,72.21.194.1,72.21.211.176,72.21.214.128
twitter.com,UDP,0,successful,93.46.8.89
twitter.com,TCP,0,successful,199.59.148.82,199.59.149.198,199.59.149.230
qq.com,UDP,0,successful,125.39.127.22,220.181.138.59
qq.com,TCP,0,successful,125.39.127.22,220.181.138.59
taobao.com,UDP,0,successful,115.238.23.241,121.14.24.241
taobao.com,TCP,0,successful,115.238.23.241,121.14.24.241
msn.com,UDP,0,successful,65.55.206.203
msn.com,TCP,0,successful,65.55.206.203
linkedin.com,UDP,0,successful,216.52.242.86
linkedin.com,TCP,0,successful,216.52.242.86
google.co.in,UDP,0,successful,74.125.71.103,74.125.71.104,74.125.71.105,74.125.71.106,74.125.71.147,74.125.71.99
google.co.in,TCP,0,successful,74.125.71.103,74.125.71.104,74.125.71.105,74.125.71.106,74.125.71.147,74.125.71.99
yahoo.co.jp,UDP,0,successful,124.83.187.140,203.216.243.240
yahoo.co.jp,TCP,0,successful,124.83.187.140,203.216.243.240
sina.com.cn,UDP,0,successful,202.108.33.60
sina.com.cn,TCP,0,successful,202.108.33.60
ebay.com,UDP,2,
ebay.com,TCP,2,
wordpress.com,UDP,0,successful,72.233.104.124,74.200.247.188,76.74.254.126
wordpress.com,TCP,0,successful,72.233.104.124,74.200.247.188,76.74.254.126
google.de,UDP,0,successful,74.125.71.103,74.125.71.104,74.125.71.105,74.125.71.106,74.125.71.147,74.125.71.99
google.de,TCP,0,successful,74.125.71.103,74.125.71.104,74.125.71.105,74.125.71.106,74.125.71.147,74.125.71.99
google.com.hk,UDP,0,successful,74.125.71.103,74.125.71.104,74.125.71.105,74.125.71.106,74.125.71.147,74.125.71.99
google.com.hk,TCP,0,successful,74.125.71.103,74.125.71.104,74.125.71.105,74.125.71.106,74.125.71.147,74.125.71.99
yandex.ru,UDP,0,successful,213.180.193.11,213.180.204.11,77.88.21.11,87.250.250.11,87.250.251.11,93.158.134.11
yandex.ru,TCP,0,successful,213.180.193.11,213.180.204.11,77.88.21.11,87.250.250.11,87.250.251.11,93.158.134.11
google.co.uk,UDP,0,successful,74.125.71.103,74.125.71.104,74.125.71.105,74.125.71.106,74.125.71.147,74.125.71.99
google.co.uk,TCP,0,successful,74.125.71.103,74.125.71.104,74.125.71.105,74.125.71.106,74.125.71.147,74.125.71.99
google.co.jp,UDP,0,successful,74.125.71.103,74.125.71.104,74.125.71.105,74.125.71.106,74.125.71.147,74.125.71.99
google.co.jp,TCP,0,successful,74.125.71.103,74.125.71.104,74.125.71.105,74.125.71.106,74.125.71.147,74.125.71.99
google.fr,UDP,0,successful,74.125.71.103,74.125.71.104,74.125.71.105,74.125.71.106,74.125.71.147,74.125.71.99
google.fr,TCP,0,successful,74.125.71.103,74.125.71.104,74.125.71.105,74.125.71.106,74.125.71.147,74.125.71.99
bing.com,UDP,0,successful,65.55.175.254
bing.com,TCP,0,successful,65.55.175.254
apple.com,UDP,0,successful,17.149.160.49,17.172.224.47
apple.com,TCP,0,successful,17.149.160.49,17.172.224.47
weibo.com,UDP,0,successful,180.149.134.17
weibo.com,TCP,0,successful,180.149.134.17
t.co,UDP,0,successful,199.59.148.12
t.co,TCP,0,successful,199.59.148.12
microsoft.com,UDP,0,successful,207.46.197.32,207.46.232.182
microsoft.com,TCP,0,successful,207.46.197.32,207.46.232.182
paypal.com,UDP,0,successful,173.0.84.3,173.0.84.35,173.0.88.3,173.0.88.35,66.211.169.3,66.211.169.66
paypal.com,TCP,0,successful,173.0.84.3,173.0.84.35,173.0.88.3,173.0.88.35,66.211.169.3,66.211.169.66
163.com,UDP,0,successful,220.181.29.153,220.181.29.160,220.181.29.42,220.181.8.178,220.181.8.191,220.181.8.90
163.com,TCP,0,successful,220.181.29.153,220.181.29.160,220.181.29.42,220.181.8.178,220.181.8.191,220.181.8.90
mail.ru,UDP,0,successful,94.100.191.201,94.100.191.202,94.100.191.203,94.100.191.204
mail.ru,TCP,0,successful,94.100.191.201,94.100.191.202,94.100.191.203,94.100.191.204
google.com.br,UDP,0,successful,74.125.71.103,74.125.71.104,74.125.71.105,74.125.71.106,74.125.71.147,74.125.71.99
google.com.br,TCP,0,successful,74.125.71.103,74.125.71.104,74.125.71.105,74.125.71.106,74.125.71.147,74.125.71.99
soso.com,UDP,0,successful,61.135.167.27
soso.com,TCP,0,successful,61.135.167.27
google.it,UDP,0,successful,74.125.71.103,74.125.71.104,74.125.71.105,74.125.71.106,74.125.71.147,74.125.71.99
google.it,TCP,0,successful,74.125.71.103,74.125.71.104,74.125.71.105,74.125.71.106,74.125.71.147,74.125.71.99
imdb.com,UDP,0,successful,207.171.166.22,72.21.206.80,72.21.210.29
imdb.com,TCP,0,successful,207.171.166.22,72.21.206.80,72.21.210.29
tumblr.com,UDP,0,successful,174.121.194.34
tumblr.com,TCP,0,successful,174.121.194.34
google.es,UDP,0,successful,74.125.71.103,74.125.71.104,74.125.71.105,74.125.71.106,74.125.71.147,74.125.71.99
google.es,TCP,0,successful,74.125.71.103,74.125.71.104,74.125.71.105,74.125.71.106,74.125.71.147,74.125.71.99
go.com,UDP,0,successful,198.105.193.70
go.com,TCP,0,successful,198.105.193.70
livejasmin.com,UDP,0,successful,109.71.160.200
livejasmin.com,TCP,0,successful,109.71.160.200
google.ru,UDP,0,successful,74.125.71.103,74.125.71.104,74.125.71.105,74.125.71.106,74.125.71.147,74.125.71.99
google.ru,TCP,0,successful,74.125.71.103,74.125.71.104,74.125.71.105,74.125.71.106,74.125.71.147,74.125.71.99
fc2.com,UDP,0,successful,208.71.106.124
fc2.com,TCP,0,successful,208.71.106.124
bbc.co.uk,UDP,0,successful,212.58.241.131
bbc.co.uk,TCP,0,successful,212.58.241.131
flickr.com,UDP,0,successful,68.142.214.24
flickr.com,TCP,0,successful,68.142.214.24
sohu.com,UDP,0,successful,61.135.181.175,61.135.181.176
sohu.com,TCP,0,successful,61.135.181.175,61.135.181.176
vkontakte.ru,UDP,2,
vkontakte.ru,TCP,2,
craigslist.org,UDP,0,successful,208.82.238.129
craigslist.org,TCP,0,successful,208.82.238.129
www.googleusercontent.com,UDP,4,type not found
www.googleusercontent.com,TCP,0,successful,74.125.71.132
tudou.com,UDP,0,successful,113.31.34.206
tudou.com,TCP,0,successful,113.31.34.206
blogger.com,UDP,0,successful,74.125.71.191
blogger.com,TCP,0,successful,74.125.71.191
ask.com,UDP,0,successful,66.235.120.127
ask.com,TCP,0,successful,66.235.120.127
youku.com,UDP,0,successful,121.9.204.234,125.39.185.5,202.102.81.234,211.151.146.19,220.181.52.21,61.135.196.21
youku.com,TCP,0,successful,121.9.204.234,125.39.185.5,202.102.81.234,211.151.146.19,220.181.52.21,61.135.196.21
xvideos.com,UDP,0,successful,69.55.48.246,69.55.52.105,69.55.52.200,69.55.52.7,69.55.52.86,69.55.59.132,69.55.59.148,69.55.61.167,69.55.61.177,69.55.61.178,69.55.61.180,69.55.63.31
xvideos.com,TCP,0,successful,69.55.48.246,69.55.52.105,69.55.52.200,69.55.52.7,69.55.52.86,69.55.59.132,69.55.59.148,69.55.61.167,69.55.61.177,69.55.61.178,69.55.61.180,69.55.63.31
tmall.com,UDP,0,successful,115.238.23.241,121.14.24.241
tmall.com,TCP,0,successful,115.238.23.241,121.14.24.241
babylon.com,UDP,0,successful,81.93.185.144
babylon.com,TCP,0,successful,81.93.185.144
google.com.mx,UDP,0,successful,74.125.71.103,74.125.71.104,74.125.71.105,74.125.71.106,74.125.71.147,74.125.71.99
google.com.mx,TCP,0,successful,74.125.71.103,74.125.71.104,74.125.71.105,74.125.71.106,74.125.71.147,74.125.71.99
xhamster.com,UDP,0,successful,88.208.24.43,88.208.24.44,88.208.24.45,88.208.24.47,88.208.24.53
xhamster.com,TCP,0,successful,88.208.24.43,88.208.24.44,88.208.24.45,88.208.24.47,88.208.24.53
ifeng.com,UDP,0,successful,123.125.72.60
ifeng.com,TCP,0,successful,123.125.72.60
google.ca,UDP,0,successful,74.125.71.103,74.125.71.104,74.125.71.105,74.125.71.106,74.125.71.147,74.125.71.99
google.ca,TCP,0,successful,74.125.71.103,74.125.71.104,74.125.71.105,74.125.71.106,74.125.71.147,74.125.71.99
espn.go.com,UDP,0,successful,68.71.212.152
espn.go.com,TCP,0,successful,68.71.212.152
cnn.com,UDP,0,successful,157.166.226.25,157.166.226.26,157.166.255.18,157.166.255.19
cnn.com,TCP,0,successful,157.166.226.25,157.166.226.26,157.166.255.18,157.166.255.19
zedo.com,UDP,0,successful,64.41.197.46
zedo.com,TCP,0,successful,64.41.197.46
aol.com,UDP,0,successful,205.188.100.58,205.188.101.58,207.200.74.38,64.12.79.57,64.12.89.186
aol.com,TCP,0,successful,205.188.100.58,205.188.101.58,207.200.74.38,64.12.79.57,64.12.89.186
adobe.com,UDP,0,successful,192.150.16.117
adobe.com,TCP,0,successful,192.150.16.117
amazon.de,UDP,0,successful,178.236.4.28,178.236.5.38,178.236.6.38
amazon.de,TCP,0,successful,178.236.4.28,178.236.5.38,178.236.6.38
ebay.de,UDP,0,successful,66.135.200.23,66.135.215.61
ebay.de,TCP,0,successful,66.135.200.23,66.135.215.61
about.com,UDP,0,successful,207.241.148.80
about.com,TCP,0,successful,207.241.148.80
conduit.com,UDP,0,successful,208.93.141.95
conduit.com,TCP,0,successful,208.93.141.95
rakuten.co.jp,UDP,0,successful,202.72.51.22
rakuten.co.jp,TCP,0,successful,202.72.51.22
google.co.id,UDP,0,successful,74.125.71.103,74.125.71.104,74.125.71.105,74.125.71.106,74.125.71.147,74.125.71.99
google.co.id,TCP,0,successful,74.125.71.103,74.125.71.104,74.125.71.105,74.125.71.106,74.125.71.147,74.125.71.99
mediafire.com,UDP,0,successful,205.196.120.12,205.196.120.13
mediafire.com,TCP,0,successful,205.196.120.12,205.196.120.13
alibaba.com,UDP,0,successful,205.204.112.1
alibaba.com,TCP,0,successful,205.204.112.1
ameblo.jp,UDP,0,successful,180.233.142.129
ameblo.jp,TCP,0,successful,180.233.142.129
alipay.com,UDP,0,successful,121.0.26.11
alipay.com,TCP,0,successful,121.0.26.11
megaupload.com,UDP,0,successful,174.140.154.20,174.140.154.21,174.140.154.22,174.140.154.23,174.140.154.24
megaupload.com,TCP,0,successful,174.140.154.20,174.140.154.21,174.140.154.22,174.140.154.23,174.140.154.24
pornhub.com,UDP,0,successful,146.82.200.125,146.82.202.154,146.82.202.169,146.82.202.170,146.82.202.179,146.82.202.180,146.82.203.228,146.82.203.230,146.82.203.242,146.82.204.113,146.82.204.17,146.82.204.35
pornhub.com,TCP,0,successful,146.82.200.125,146.82.202.154,146.82.202.169,146.82.202.170,146.82.202.179,146.82.202.180,146.82.203.228,146.82.203.230,146.82.203.242,146.82.204.113,146.82.204.17,146.82.204.35
amazon.co.uk,UDP,0,successful,178.236.4.29,178.236.5.39,178.236.6.39
amazon.co.uk,TCP,0,successful,178.236.4.29,178.236.5.39,178.236.6.39
odnoklassniki.ru,UDP,0,successful,217.20.154.59
odnoklassniki.ru,TCP,0,successful,217.20.154.59
thepiratebay.org,UDP,0,successful,194.71.107.15
thepiratebay.org,TCP,0,successful,194.71.107.15
google.com.tr,UDP,2,
google.com.tr,TCP,2,
walmart.com,UDP,0,successful,161.170.248.20
walmart.com,TCP,0,successful,161.170.248.20
cnet.com,UDP,0,successful,216.239.113.101,64.30.224.118
cnet.com,TCP,0,successful,216.239.113.101,64.30.224.118
uol.com.br,UDP,0,successful,200.147.67.142,200.221.2.45
uol.com.br,TCP,0,successful,200.147.67.142,200.221.2.45
ebay.co.uk,UDP,0,successful,66.135.200.23,66.135.215.61
ebay.co.uk,TCP,0,successful,66.135.200.23,66.135.215.61
google.com.au,UDP,0,successful,74.125.71.103,74.125.71.104,74.125.71.105,74.125.71.106,74.125.71.147,74.125.71.99
google.com.au,TCP,0,successful,74.125.71.103,74.125.71.104,74.125.71.105,74.125.71.106,74.125.71.147,74.125.71.99
godaddy.com,UDP,0,successful,97.74.104.201
godaddy.com,TCP,0,successful,97.74.104.201
imgur.com,UDP,0,successful,173.231.140.218,173.231.140.219
imgur.com,TCP,0,successful,173.231.140.218,173.231.140.219
huffingtonpost.com,UDP,0,successful,205.188.100.58,205.188.101.58,207.200.74.38,64.12.79.57,64.12.89.186
huffingtonpost.com,TCP,0,successful,205.188.100.58,205.188.101.58,207.200.74.38,64.12.79.57,64.12.89.186
wordpress.org,UDP,0,successful,72.233.56.138,72.233.56.139
wordpress.org,TCP,0,successful,72.233.56.138,72.233.56.139
4shared.com,UDP,0,successful,74.117.178.83
4shared.com,TCP,0,successful,74.117.178.83
360buy.com,UDP,0,successful,58.83.238.167
360buy.com,TCP,0,successful,58.83.238.167
google.pl,UDP,0,successful,74.125.71.103,74.125.71.104,74.125.71.105,74.125.71.106,74.125.71.147,74.125.71.99
google.pl,TCP,0,successful,74.125.71.103,74.125.71.104,74.125.71.105,74.125.71.106,74.125.71.147,74.125.71.99
logspot.com,UDP,4,type not found
logspot.com,TCP,3,host not found
livedoor.com,UDP,0,successful,125.6.172.15
livedoor.com,TCP,0,successful,125.6.172.15
youporn.com,UDP,2,
youporn.com,TCP,2,
chinaz.com,UDP,0,successful,125.90.88.68
chinaz.com,TCP,0,successful,125.90.88.68
nytimes.com,UDP,2,
nytimes.com,TCP,2,
amazon.co.jp,UDP,0,successful,207.171.181.135,207.171.185.225,207.171.187.20
amazon.co.jp,TCP,0,successful,207.171.181.135,207.171.185.225,207.171.187.20
renren.com,UDP,2,
renren.com,TCP,2,
netflix.com,UDP,0,successful,69.53.236.17
netflix.com,TCP,0,successful,69.53.236.17
livejournal.com,UDP,0,successful,209.200.154.225
livejournal.com,TCP,0,successful,209.200.154.225
dailymotion.com,UDP,0,successful,188.65.120.135,188.65.120.136
dailymotion.com,TCP,0,successful,188.65.120.135,188.65.120.136
hao123.com,UDP,0,successful,123.125.114.224,123.125.115.150,180.149.131.31,180.149.132.19
hao123.com,TCP,0,successful,123.125.114.224,123.125.115.150,180.149.131.31,180.149.132.19
bestbuy.com,UDP,0,successful,208.46.17.10,208.46.17.162
bestbuy.com,TCP,0,successful,208.46.17.10,208.46.17.162
globo.com,UDP,0,successful,201.7.176.59
globo.com,TCP,0,successful,201.7.176.59
stackoverflow.com,UDP,0,successful,64.34.119.12
stackoverflow.com,TCP,0,successful,64.34.119.12
google.com.sa,UDP,0,successful,74.125.71.103,74.125.71.104,74.125.71.105,74.125.71.106,74.125.71.147,74.125.71.99
google.com.sa,TCP,0,successful,74.125.71.103,74.125.71.104,74.125.71.105,74.125.71.106,74.125.71.147,74.125.71.99
cnzz.com,UDP,0,successful,110.75.190.230
cnzz.com,TCP,0,successful,110.75.190.230
douban.com,UDP,0,successful,211.147.4.31
douban.com,TCP,0,successful,211.147.4.31
google.nl,UDP,0,successful,74.125.71.103,74.125.71.104,74.125.71.105,74.125.71.106,74.125.71.147,74.125.71.99
google.nl,TCP,0,successful,74.125.71.103,74.125.71.104,74.125.71.105,74.125.71.106,74.125.71.147,74.125.71.99
vimeo.com,UDP,0,successful,74.113.233.128
vimeo.com,TCP,0,successful,74.113.233.128
sparkstudios.com,UDP,2,
sparkstudios.com,TCP,2,
megaclick.com,UDP,0,successful,209.222.148.14
megaclick.com,TCP,0,successful,209.222.148.14
badoo.com,UDP,0,successful,66.175.123.30,66.175.123.31
badoo.com,TCP,0,successful,66.175.123.30,66.175.123.31
sogou.com,UDP,0,successful,61.135.188.225
sogou.com,TCP,0,successful,61.135.188.225
secureserver.net,UDP,0,successful,97.74.104.208
secureserver.net,TCP,0,successful,97.74.104.208
dailymail.co.uk,UDP,0,successful,195.234.240.212
dailymail.co.uk,TCP,0,successful,195.234.240.212
addthis.com,UDP,0,successful,64.215.254.101
addthis.com,TCP,0,successful,64.215.254.101
google.com.ar,UDP,0,successful,74.125.71.103,74.125.71.104,74.125.71.105,74.125.71.106,74.125.71.147,74.125.71.99
google.com.ar,TCP,0,successful,74.125.71.103,74.125.71.104,74.125.71.105,74.125.71.106,74.125.71.147,74.125.71.99
reddit.com,UDP,0,successful,208.46.17.18,208.46.17.24
reddit.com,TCP,0,successful,173.223.232.42,173.223.232.64
tube8.com,UDP,0,successful,31.192.112.104
tube8.com,TCP,0,successful,31.192.112.104
xnxx.com,UDP,0,successful,69.55.53.105,69.55.53.6,69.55.53.96
xnxx.com,TCP,0,successful,69.55.53.105,69.55.53.6,69.55.53.96
bankofamerica.com,UDP,0,successful,171.159.100.150,171.159.228.150,171.161.148.150
bankofamerica.com,TCP,0,successful,171.159.100.150,171.159.228.150,171.161.148.150
stumbleupon.com,UDP,0,successful,74.201.117.247
stumbleupon.com,TCP,0,successful,74.201.117.247
target.com,UDP,0,successful,161.225.130.163
target.com,TCP,0,successful,161.225.130.163
redtube.com,UDP,0,successful,209.222.138.10
redtube.com,TCP,0,successful,209.222.138.10
weather.com,UDP,0,successful,96.8.80.132,96.8.81.132,96.8.82.132,96.8.83.132,96.8.84.132,96.8.85.132
weather.com,TCP,0,successful,96.8.80.132,96.8.81.132,96.8.82.132,96.8.83.132,96.8.84.132,96.8.85.132
doubleclick.com,UDP,0,successful,216.73.93.8
doubleclick.com,TCP,0,successful,216.73.93.8
goo.ne.jp,UDP,0,successful,210.165.9.195
goo.ne.jp,TCP,0,successful,210.165.9.195
pengyou.com,UDP,0,successful,112.64.234.209,112.64.234.210,112.64.234.211
pengyou.com,TCP,0,successful,112.64.234.209,112.64.234.210,112.64.234.211
filestube.com,UDP,0,successful,149.13.65.47,149.13.65.48,149.13.65.49,149.13.65.50,149.13.65.51,149.13.65.52
filestube.com,TCP,0,successful,149.13.65.47,149.13.65.48,149.13.65.49,149.13.65.50,149.13.65.51,149.13.65.52
indiatimes.com,UDP,2,
indiatimes.com,TCP,2,
google.com.pk,UDP,2,
google.com.pk,TCP,2,
deviantart.com,UDP,0,successful,199.15.160.100
deviantart.com,TCP,0,successful,199.15.160.100
google.cn,UDP,0,successful,203.208.46.208,203.208.46.209,203.208.46.210,203.208.46.211,203.208.46.212
google.cn,TCP,0,successful,203.208.46.208,203.208.46.209,203.208.46.210,203.208.46.211,203.208.46.212
chase.com,UDP,2,
chase.com,TCP,2,
naver.com,UDP,0,successful,202.131.29.70,202.131.29.71,222.122.195.5,222.122.195.6
naver.com,TCP,0,successful,202.131.29.70,202.131.29.71,222.122.195.5,222.122.195.6
adf.ly,UDP,0,successful,69.39.236.36
adf.ly,TCP,0,successful,69.39.236.36
tianya.cn,UDP,0,successful,124.225.65.203
tianya.cn,TCP,0,successful,124.225.65.203
fileserve.com,UDP,0,successful,209.222.23.221
fileserve.com,TCP,0,successful,209.222.23.221
aweber.com,UDP,0,successful,207.106.239.74
aweber.com,TCP,0,successful,207.106.239.74
wikimedia.org,UDP,2,
wikimedia.org,TCP,2,
etsy.com,UDP,0,successful,38.106.64.20
etsy.com,TCP,2,
google.co.th,UDP,0,successful,74.125.71.105,74.125.71.99,74.125.71.106,74.125.71.147,74.125.71.104,74.125.71.103
google.co.th,TCP,2,
www.amazonaws.com,UDP,4,type not found
www.amazonaws.com,TCP,2,
torrentz.eu,UDP,0,successful,184.75.210.37,184.75.210.38,68.71.55.21,68.71.55.22
torrentz.eu,TCP,0,successful,184.75.210.37,184.75.210.38,68.71.55.21,68.71.55.22
mywebsearch.com,UDP,0,successful,66.235.119.48
mywebsearch.com,TCP,0,successful,66.235.119.48
imageshack.us,UDP,2,
imageshack.us,TCP,2,
avg.com,UDP,0,successful,208.111.182.218,93.184.211.28,93.184.217.9
avg.com,TCP,0,successful,208.111.182.218,93.184.211.28,93.184.217.9
warriorforum.com,UDP,0,successful,174.37.60.234
warriorforum.com,TCP,0,successful,174.37.60.234
google.com.eg,UDP,0,successful,74.125.71.103,74.125.71.104,74.125.71.105,74.125.71.106,74.125.71.147,74.125.71.99
google.com.eg,TCP,0,successful,74.125.71.103,74.125.71.104,74.125.71.105,74.125.71.106,74.125.71.147,74.125.71.99
ehow.com,UDP,0,successful,98.124.247.46
ehow.com,TCP,0,successful,98.124.247.46
ups.com,UDP,0,successful,153.2.224.50,153.2.228.50
ups.com,TCP,2,
photobucket.com,UDP,0,successful,209.17.68.100,209.17.88.100
photobucket.com,TCP,2,
optmd.com,UDP,2,
optmd.com,TCP,2,
pconline.com.cn,UDP,2,
pconline.com.cn,TCP,2,
fbcdn.net,UDP,2,
fbcdn.net,TCP,2,
myspace.com,UDP,2,
myspace.com,TCP,2,
spiegel.de,UDP,2,
spiegel.de,TCP,2,
google.co.za,UDP,2,
google.co.za,TCP,2,
pinterest.com,UDP,2,
pinterest.com,TCP,2,
nicovideo.jp,UDP,2,
nicovideo.jp,TCP,2,
rediff.com,UDP,2,
rediff.com,TCP,2,
sourceforge.net,UDP,2,
sourceforge.net,TCP,2,
filesonic.com,UDP,2,
filesonic.com,TCP,2,
foxnews.com,UDP,2,
foxnews.com,TCP,2,
searchqu.com,UDP,2,
searchqu.com,TCP,2,
taringa.net,UDP,2,
taringa.net,TCP,2,
ganji.com,UDP,2,
ganji.com,TCP,2,
wellsfargo.com,UDP,2,
wellsfargo.com,TCP,2,
wikia.com,UDP,2,
wikia.com,TCP,2,
orkut.com,UDP,2,
orkut.com,TCP,2,
reference.com,UDP,2,
reference.com,TCP,2,
download.com,UDP,2,
download.com,TCP,2,
search-results.com,UDP,2,
search-results.com,TCP,2,
58.com,UDP,2,
58.com,TCP,2,
comcast.net,UDP,2,
comcast.net,TCP,2,
guardian.co.uk,UDP,2,
guardian.co.uk,TCP,2,
yieldmanager.com,UDP,2,
yieldmanager.com,TCP,2,
statcounter.com,UDP,2,
statcounter.com,TCP,2,
megavideo.com,UDP,2,
megavideo.com,TCP,2,
skype.com,UDP,2,
skype.com,TCP,2,
orkut.com.br,UDP,2,
orkut.com.br,TCP,2,
onet.pl,UDP,2,
onet.pl,TCP,2,
espncricinfo.com,UDP,2,
espncricinfo.com,TCP,2,
blogfa.com,UDP,2,
blogfa.com,TCP,2,
clicksor.com,UDP,2,
clicksor.com,TCP,2,
rambler.ru,UDP,2,
rambler.ru,TCP,2,
slideshare.net,UDP,2,
slideshare.net,TCP,2,
mashable.com,UDP,2,
mashable.com,TCP,2,
allegro.pl,UDP,2,
allegro.pl,TCP,2,
ucoz.ru,UDP,2,
ucoz.ru,TCP,2,
mozilla.org,UDP,2,
mozilla.org,TCP,2,
liveinternet.ru,UDP,2,
liveinternet.ru,TCP,2,
google.com.my,UDP,2,
google.com.my,TCP,2,
digg.com,UDP,2,
digg.com,TCP,2,
tribalfusion.com,UDP,2,
tribalfusion.com,TCP,2,
answers.com,UDP,2,
answers.com,TCP,2,
zol.com.cn,UDP,2,
zol.com.cn,TCP,2,
csdn.net,UDP,2,
csdn.net,TCP,2,
google.co.ve,UDP,2,
google.co.ve,TCP,2,
squidoo.com,UDP,2,
squidoo.com,TCP,2,
secureintl.com,UDP,2,
secureintl.com,TCP,2,
w3schools.com,UDP,2,
w3schools.com,TCP,2,
yelp.com,UDP,2,
yelp.com,TCP,2,
bild.de,UDP,2,
bild.de,TCP,2,
ameba.jp,UDP,2,
ameba.jp,TCP,2,
files.wordpress.com,UDP,2,
files.wordpress.com,TCP,2,
usps.com,UDP,2,
usps.com,TCP,2,
xunlei.com,UDP,2,
xunlei.com,TCP,2,
mixi.jp,UDP,2,
mixi.jp,TCP,2,
xinhuanet.com,UDP,2,
xinhuanet.com,TCP,2,
twitpic.com,UDP,2,
twitpic.com,TCP,2,
free.fr,UDP,2,
free.fr,TCP,2,
outbrain.com,UDP,2,
outbrain.com,TCP,2,
people.com.cn,UDP,2,
people.com.cn,TCP,2,
google.be,UDP,2,
google.be,TCP,2,
archive.org,UDP,2,
archive.org,TCP,2,
hootsuite.com,UDP,2,
hootsuite.com,TCP,2,
rapidshare.com,UDP,2,
rapidshare.com,TCP,2,
360.cn,UDP,2,
360.cn,TCP,2,
hulu.com,UDP,2,
hulu.com,TCP,2,
google.gr,UDP,2,
google.gr,TCP,2,
newegg.com,UDP,2,
newegg.com,TCP,2,
orange.fr,UDP,2,
orange.fr,TCP,2,
56.com,UDP,2,
56.com,TCP,2,
terra.com.br,UDP,2,
terra.com.br,TCP,2,
youjizz.com,UDP,2,
youjizz.com,TCP,2,
hp.com,UDP,2,
hp.com,TCP,2,
maktoob.com,UDP,2,
maktoob.com,TCP,2,
repubblica.it,UDP,2,
repubblica.it,TCP,2,
dell.com,UDP,2,
dell.com,TCP,2,
hatena.ne.jp,UDP,2,
hatena.ne.jp,TCP,2,
soku.com,UDP,2,
soku.com,TCP,2,
google.com.co,UDP,2,
google.com.co,TCP,2,
wsj.com,UDP,2,
wsj.com,TCP,2,
groupon.com,UDP,2,
groupon.com,TCP,2,
reuters.com,UDP,2,
reuters.com,TCP,2,
telegraph.co.uk,UDP,2,
telegraph.co.uk,TCP,2,
paipai.com,UDP,2,
paipai.com,TCP,2,
leboncoin.fr,UDP,2,
leboncoin.fr,TCP,2,
salesforce.com,UDP,2,
salesforce.com,TCP,2,
hostgator.com,UDP,2,
hostgator.com,TCP,2,
php.net,UDP,2,
php.net,TCP,2,
adultfriendfinder.com,UDP,2,
adultfriendfinder.com,TCP,2,
domaintools.com,UDP,2,
domaintools.com,TCP,2,
typepad.com,UDP,2,
typepad.com,TCP,2,
daum.net,UDP,2,
daum.net,TCP,2,
google.com.vn,UDP,2,
google.com.vn,TCP,2,
soufun.com,UDP,2,
soufun.com,TCP,2,
fiverr.com,UDP,2,
fiverr.com,TCP,2,
dropbox.com,UDP,2,
dropbox.com,TCP,2,
samsung.com,UDP,2,
samsung.com,TCP,2,
themeforest.net,UDP,2,
themeforest.net,TCP,2,
google.com.ua,UDP,2,
google.com.ua,TCP,2,
constantcontact.com,UDP,2,
constantcontact.com,TCP,2,
web.de,UDP,2,
web.de,TCP,2,
kaskus.us,UDP,2,
kaskus.us,TCP,2,
hudong.com,UDP,2,
hudong.com,TCP,2,
youdao.com,UDP,2,
youdao.com,TCP,2,
clickbank.com,UDP,2,
clickbank.com,TCP,2,
google.com.tw,UDP,2,
google.com.tw,TCP,2,
google.at,UDP,2,
google.at,TCP,2,
gmx.net,UDP,2,
gmx.net,TCP,2,
google.se,UDP,2,
google.se,TCP,2,
booking.com,UDP,2,
booking.com,TCP,2,
cj.com,UDP,2,
cj.com,TCP,2,
cam4.com,UDP,2,
cam4.com,TCP,2,
wordreference.com,UDP,2,
wordreference.com,TCP,2,
kohls.com,UDP,2,
kohls.com,TCP,2,
android.com,UDP,2,
android.com,TCP,2,
google.ro,UDP,2,
google.ro,TCP,2,
linkwithin.com,UDP,2,
linkwithin.com,TCP,2,
nfl.com,UDP,2,
nfl.com,TCP,2,
narod.ru,UDP,2,
narod.ru,TCP,2,
kaixin001.com,UDP,2,
kaixin001.com,TCP,2,
51.la,UDP,2,
51.la,TCP,2,
isohunt.com,UDP,2,
isohunt.com,TCP,2,
washingtonpost.com,UDP,2,
washingtonpost.com,TCP,2,
hardsextube.com,UDP,2,
hardsextube.com,TCP,2,
wp.pl,UDP,2,
wp.pl,TCP,2,
google.com.ph,UDP,2,
google.com.ph,TCP,2,
toysrus.com,UDP,2,
toysrus.com,TCP,2,
rutracker.org,UDP,2,
rutracker.org,TCP,2,
libero.it,UDP,2,
libero.it,TCP,2,
softonic.com,UDP,2,
softonic.com,TCP,2,
iqiyi.com,UDP,2,
iqiyi.com,TCP,2,
fedex.com,UDP,2,
fedex.com,TCP,2,
tagged.com,UDP,2,
tagged.com,TCP,2,
ign.com,UDP,2,
ign.com,TCP,2,
google.ch,UDP,2,
google.ch,TCP,2,
ikea.com,UDP,2,
ikea.com,TCP,2,
kat.ph,UDP,2,
kat.ph,TCP,2,
scribd.com,UDP,2,
scribd.com,TCP,2,
xe.com,UDP,2,
xe.com,TCP,2,
instagr.am,UDP,2,
instagr.am,TCP,2,
tripadvisor.com,UDP,2,
tripadvisor.com,TCP,2,
xing.com,UDP,2,
xing.com,TCP,2,
china.com,UDP,2,
china.com,TCP,2,
homeway.com.cn,UDP,2,
homeway.com.cn,TCP,2,
macys.com,UDP,2,
macys.com,TCP,2,
corriere.it,UDP,2,
corriere.it,TCP,2,
2ch.net,UDP,2,
2ch.net,TCP,2,
ku6.com,UDP,2,
ku6.com,TCP,2,
google.com.pe,UDP,2,
google.com.pe,TCP,2,
9gag.com,UDP,2,
9gag.com,TCP,2,
kakaku.com,UDP,2,
kakaku.com,TCP,2,
10086.cn,UDP,2,
10086.cn,TCP,2,
hubpages.com,UDP,2,
hubpages.com,TCP,2,
techcrunch.com,UDP,2,
techcrunch.com,TCP,2,
sears.com,UDP,2,
sears.com,TCP,2,
google.cl,UDP,2,
google.cl,TCP,2,
joomla.org,UDP,2,
joomla.org,TCP,2,
pof.com,UDP,2,
pof.com,TCP,2,
thefreedictionary.com,UDP,2,
thefreedictionary.com,TCP,2,
americanexpress.com,UDP,2,
americanexpress.com,TCP,2,
forbes.com,UDP,2,
forbes.com,TCP,2,
marca.com,UDP,2,
marca.com,TCP,2,
amazon.fr,UDP,2,
amazon.fr,TCP,2,
angege.com,UDP,2,
angege.com,TCP,2,
ebay.it,UDP,2,
ebay.it,TCP,2,
126.com,UDP,2,
126.com,TCP,2,
amazon.cn,UDP,2,
amazon.cn,TCP,2,
google.co.kr,UDP,2,
google.co.kr,TCP,2,
seesaa.net,UDP,2,
seesaa.net,TCP,2,
att.com,UDP,2,
att.com,TCP,2,
digitalpoint.com,UDP,2,
digitalpoint.com,TCP,2,
istockphoto.com,UDP,2,
istockphoto.com,TCP,2,
nifty.com,UDP,2,
nifty.com,TCP,2,
aizhan.com,UDP,2,
aizhan.com,TCP,2,
google.com.sg,UDP,2,
google.com.sg,TCP,2,
in.com,UDP,2,
in.com,TCP,2,
ezinearticles.com,UDP,2,
ezinearticles.com,TCP,2,
google.pt,UDP,2,
google.pt,TCP,2,
hotfile.com,UDP,2,
hotfile.com,TCP,2,
vancl.com,UDP,2,
vancl.com,TCP,2,
google.com.ng,UDP,2,
google.com.ng,TCP,2,
allrecipes.com,UDP,2,
allrecipes.com,TCP,2,
ig.com.br,UDP,2,
ig.com.br,TCP,2,
uimserv.net,UDP,2,
uimserv.net,TCP,2,
slickdeals.net,UDP,2,
slickdeals.net,TCP,2,
leo.org,UDP,2,
leo.org,TCP,2,
yesky.com,UDP,2,
yesky.com,TCP,2,
dianping.com,UDP,2,
dianping.com,TCP,2,
drtuber.com,UDP,2,
drtuber.com,TCP,2,
mop.com,UDP,2,
mop.com,TCP,2,
mercadolivre.com.br,UDP,2,
mercadolivre.com.br,TCP,2,
depositfiles.com,UDP,2,
depositfiles.com,TCP,2,
seznam.cz,UDP,2,
seznam.cz,TCP,2,
t-online.de,UDP,2,
t-online.de,TCP,2,
over-blog.com,UDP,2,
over-blog.com,TCP,2,
latimes.com,UDP,2,
latimes.com,TCP,2,
alimama.com,UDP,2,
alimama.com,TCP,2,
pandora.com,UDP,2,
pandora.com,TCP,2,
elpais.com,UDP,2,
elpais.com,TCP,2,
opendns.com,UDP,2,
opendns.com,TCP,2,
kooora.com,UDP,2,
kooora.com,TCP,2,
weebly.com,UDP,2,
weebly.com,TCP,2,
ning.com,UDP,2,
ning.com,TCP,2,
soundcloud.com,UDP,2,
soundcloud.com,TCP,2,
w3.org,UDP,2,
w3.org,TCP,2,
nih.gov,UDP,2,
nih.gov,TCP,2,
freelancer.com,UDP,2,
freelancer.com,TCP,2,
barnesandnoble.com,UDP,2,
barnesandnoble.com,TCP,2,
facemoods.com,UDP,2,
facemoods.com,TCP,2,
wretch.cc,UDP,2,
wretch.cc,TCP,2,
usatoday.com,UDP,2,
usatoday.com,TCP,2,
sweetim.com,UDP,2,
sweetim.com,TCP,2,
vnexpress.net,UDP,2,
vnexpress.net,TCP,2,
huanqiu.com,UDP,2,
huanqiu.com,TCP,2,
netlog.com,UDP,2,
netlog.com,TCP,2,
goal.com,UDP,2,
goal.com,TCP,2,
ebay.com.au,UDP,2,
ebay.com.au,TCP,2,
verizonwireless.com,UDP,2,
verizonwireless.com,TCP,2,
jcpenney.com,UDP,2,
jcpenney.com,TCP,2,
engadget.com,UDP,2,
engadget.com,TCP,2,
bloomberg.com,UDP,2,
bloomberg.com,TCP,2,
shutterstock.com,UDP,2,
shutterstock.com,TCP,2,
videobb.com,UDP,2,
videobb.com,TCP,2,
retailmenot.com,UDP,2,
retailmenot.com,TCP,2,
match.com,UDP,2,
match.com,TCP,2,
google.ie,UDP,2,
google.ie,TCP,2,
ero-advertising.com,UDP,2,
ero-advertising.com,TCP,2,
commentcamarche.net,UDP,2,
commentcamarche.net,TCP,2,
elmundo.es,UDP,2,
elmundo.es,TCP,2,
drudgereport.com,UDP,2,
drudgereport.com,TCP,2,
indeed.com,UDP,2,
indeed.com,TCP,2,
trekaklik.com,UDP,2,
trekaklik.com,TCP,2,
gap.com,UDP,2,
gap.com,TCP,2,
mailchimp.com,UDP,2,
mailchimp.com,TCP,2,
yfrog.com,UDP,2,
yfrog.com,TCP,2,
spankwire.com,UDP,2,
spankwire.com,TCP,2,
bluehost.com,UDP,2,
bluehost.com,TCP,2,
google.ae,UDP,2,
google.ae,TCP,2,
biglobe.ne.jp,UDP,2,
biglobe.ne.jp,TCP,2,
sakura.ne.jp,UDP,2,
sakura.ne.jp,TCP,2,
abcnews.go.com,UDP,2,
abcnews.go.com,TCP,2,
vk.com,UDP,2,
vk.com,TCP,2,
mynet.com,UDP,2,
mynet.com,TCP,2,
ebay.fr,UDP,2,
ebay.fr,TCP,2,
autohome.com.cn,UDP,2,
autohome.com.cn,TCP,2,
delicious.com,UDP,2,
delicious.com,TCP,2,
hurriyet.com.tr,UDP,2,
hurriyet.com.tr,TCP,2,
google.co.hu,UDP,2,
google.co.hu,TCP,2,
dangdang.com,UDP,2,
dangdang.com,TCP,2,
gazeta.pl,UDP,2,
gazeta.pl,TCP,2,
admin5.com,UDP,2,
admin5.com,TCP,2,
rr.com,UDP,2,
rr.com,TCP,2,
metacafe.com,UDP,2,
metacafe.com,TCP,2,
overstock.com,UDP,2,
overstock.com,TCP,2,
histats.com,UDP,2,
histats.com,TCP,2,
chip.de,UDP,2,
chip.de,TCP,2,
mpnrs.com,UDP,2,
mpnrs.com,TCP,2,
letv.com,UDP,2,
letv.com,TCP,2,
zimbio.com,UDP,2,
zimbio.com,TCP,2,
webs.com,UDP,2,
webs.com,TCP,2,
btjunkie.org,UDP,2,
btjunkie.org,TCP,2,
multiupload.com,UDP,2,
multiupload.com,TCP,2,
livedoor.biz,UDP,2,
livedoor.biz,TCP,2,
tmz.com,UDP,2,
tmz.com,TCP,2,
google.dk,UDP,2,
google.dk,TCP,2,
milliyet.com.tr,UDP,2,
milliyet.com.tr,TCP,2,
businessinsider.com,UDP,2,
businessinsider.com,TCP,2,
surveymonkey.com,UDP,2,
surveymonkey.com,TCP,2,
51job.com,UDP,2,
51job.com,TCP,2,
twimg.com,UDP,2,
twimg.com,TCP,2,
multiply.com,UDP,2,
multiply.com,TCP,2,
pptv.com,UDP,2,
pptv.com,TCP,2,
softpedia.com,UDP,2,
softpedia.com,TCP,2,
ibm.com,UDP,2,
ibm.com,TCP,2,
lenta.ru,UDP,2,
lenta.ru,TCP,2,
cntv.cn,UDP,2,
cntv.cn,TCP,2,
cnblogs.com,UDP,2,
cnblogs.com,TCP,2,
am10.ru,UDP,2,
am10.ru,TCP,2,
imagevenue.com,UDP,2,
imagevenue.com,TCP,2,
eastmoney.com,UDP,2,
eastmoney.com,TCP,2,
fotolia.com,UDP,2,
fotolia.com,TCP,2,
youm7.com,UDP,2,
youm7.com,TCP,2,
livingsocial.com,UDP,2,
livingsocial.com,TCP,2,
google.no,UDP,2,
google.no,TCP,2,
people.com,UDP,2,
people.com,TCP,2,
swagbucks.com,UDP,2,
swagbucks.com,TCP,2,
rbc.ru,UDP,2,
rbc.ru,TCP,2,
informer.com,UDP,2,
informer.com,TCP,2,
peyvandha.ir,UDP,2,
peyvandha.ir,TCP,2,
gsmarena.com,UDP,2,
gsmarena.com,TCP,2,
google.cz,UDP,2,
google.cz,TCP,2,
foxsports.com,UDP,2,
foxsports.com,TCP,2,
google.co.il,UDP,2,
google.co.il,TCP,2,
drupal.org,UDP,2,
drupal.org,TCP,2,
pchome.net,UDP,2,
pchome.net,TCP,2,
viadeo.com,UDP,2,
viadeo.com,TCP,2,
cbssports.com,UDP,2,
cbssports.com,TCP,2,
costco.com,UDP,2,
costco.com,TCP,2,
jquery.com,UDP,2,
jquery.com,TCP,2,
seomoz.org,UDP,2,
seomoz.org,TCP,2,
mihanblog.com,UDP,2,
mihanblog.com,TCP,2,
love21cn.com,UDP,2,
love21cn.com,TCP,2,
expedia.com,UDP,2,
expedia.com,TCP,2,
capitalone.com,UDP,2,
capitalone.com,TCP,2,
39.net,UDP,2,
39.net,TCP,2,
iloveyouxi.com,UDP,2,
iloveyouxi.com,TCP,2,
adcash.com,UDP,2,
adcash.com,TCP,2,
blog.163.com,UDP,2,
blog.163.com,TCP,2,
choopa.net,UDP,2,
choopa.net,TCP,2,
xcar.com.cn,UDP,2,
xcar.com.cn,TCP,2,
extratorrent.com,UDP,2,
extratorrent.com,TCP,2,
bitly.com,UDP,2,
bitly.com,TCP,2,
tabelog.com,UDP,2,
tabelog.com,TCP,2,
github.com,UDP,2,
github.com,TCP,2,
hdfcbank.com,UDP,2,
hdfcbank.com,TCP,2,
woot.com,UDP,2,
woot.com,TCP,2,
4399.com,UDP,2,
4399.com,TCP,2,
etao.com,UDP,2,
etao.com,TCP,2,
gamespot.com,UDP,2,
gamespot.com,TCP,2,
nextag.com,UDP,2,
nextag.com,TCP,2,
dmm.co.jp,UDP,2,
dmm.co.jp,TCP,2,
media.tumblr.com,UDP,2,
media.tumblr.com,TCP,2,
mgid.com,UDP,2,
mgid.com,TCP,2,
oracle.com,UDP,2,
oracle.com,TCP,2,
alphaporno.com,UDP,2,
alphaporno.com,TCP,2,
demonoid.me,UDP,2,
demonoid.me,TCP,2,
zappos.com,UDP,2,
zappos.com,TCP,2,
time.com,UDP,2,
time.com,TCP,2,
irctc.co.in,UDP,2,
irctc.co.in,TCP,2,
zanox.com,UDP,2,
zanox.com,TCP,2,
hc360.com,UDP,2,
hc360.com,TCP,2,
keezmovies.com,UDP,2,
keezmovies.com,TCP,2,
google.fi,UDP,2,
google.fi,TCP,2,
speedtest.net,UDP,2,
speedtest.net,TCP,2,
pogo.com,UDP,2,
pogo.com,TCP,2,
ringtonepartner.com,UDP,2,
ringtonepartner.com,TCP,2,
ovh.net,UDP,2,
ovh.net,TCP,2,
foodnetwork.com,UDP,2,
foodnetwork.com,TCP,2,
qunar.com,UDP,2,
qunar.com,TCP,2,
sitesell.com,UDP,2,
sitesell.com,TCP,2,
115.com,UDP,2,
115.com,TCP,2,
xtendmedia.com,UDP,2,
xtendmedia.com,TCP,2,
buzzfeed.com,UDP,2,
buzzfeed.com,TCP,2,
naukri.com,UDP,2,
naukri.com,TCP,2,
homedepot.com,UDP,2,
homedepot.com,TCP,2,
lemonde.fr,UDP,2,
lemonde.fr,TCP,2,
basecamphq.com,UDP,2,
basecamphq.com,TCP,2,
verycd.com,UDP,2,
verycd.com,TCP,2,
cbsnews.com,UDP,2,
cbsnews.com,TCP,2,
yandex.ua,UDP,2,
yandex.ua,TCP,2,
battle.net,UDP,2,
battle.net,TCP,2,
odesk.com,UDP,2,
odesk.com,TCP,2,
aliexpress.com,UDP,2,
aliexpress.com,TCP,2,
livescore.com,UDP,2,
livescore.com,TCP,2,
itau.com.br,UDP,2,
itau.com.br,TCP,2,
17kuxun.com,UDP,2,
17kuxun.com,TCP,2,
y8.com,UDP,2,
y8.com,TCP,2,
tradedoubler.com,UDP,2,
tradedoubler.com,TCP,2,
shopathome.com,UDP,2,
shopathome.com,TCP,2,
dianxin.cn,UDP,2,
dianxin.cn,TCP,2,
megacloud.com,UDP,2,
megacloud.com,TCP,2,
mercadolibre.com.mx,UDP,2,
mercadolibre.com.mx,TCP,2,
wupload.com,UDP,2,
wupload.com,TCP,2,
letitbit.net,UDP,2,
letitbit.net,TCP,2,
baixing.com,UDP,2,
baixing.com,TCP,2,
hoopchina.com,UDP,2,
hoopchina.com,TCP,2,
virgilio.it,UDP,2,
virgilio.it,TCP,2,
thesun.co.uk,UDP,2,
thesun.co.uk,TCP,2,
2345.com,UDP,2,
2345.com,TCP,2,
meituan.com,UDP,2,
meituan.com,TCP,2,
yomiuri.co.jp,UDP,2,
yomiuri.co.jp,TCP,2,
pch.com,UDP,2,
pch.com,TCP,2,
agoda.com,UDP,2,
agoda.com,TCP,2,
discuz.net,UDP,2,
discuz.net,TCP,2,
linksynergy.com,UDP,2,
linksynergy.com,TCP,2,
abril.com.br,UDP,2,
abril.com.br,TCP,2,
exblog.jp,UDP,2,
exblog.jp,TCP,2,
bearshare.com,UDP,2,
bearshare.com,TCP,2,
detik.com,UDP,2,
detik.com,TCP,2,
iteye.com,UDP,2,
iteye.com,TCP,2,
ustream.tv,UDP,2,
ustream.tv,TCP,2,
ilivid.com,UDP,2,
ilivid.com,TCP,2,
exoclick.com,UDP,2,
exoclick.com,TCP,2,
bitauto.com,UDP,2,
bitauto.com,TCP,2,
movie2k.to,UDP,2,
movie2k.to,TCP,2,
posterous.com,UDP,2,
posterous.com,TCP,2,
mercadolibre.com.ar,UDP,2,
mercadolibre.com.ar,TCP,2,
blackberry.com,UDP,2,
blackberry.com,TCP,2,
blackhatworld.com,UDP,2,
blackhatworld.com,TCP,2,
marketwatch.com,UDP,2,
marketwatch.com,TCP,2,
coupons.com,UDP,2,
coupons.com,TCP,2,
miniclip.com,UDP,2,
miniclip.com,TCP,2,
adjuggler.net,UDP,2,
adjuggler.net,TCP,2,
imesh.com,UDP,2,
imesh.com,TCP,2,
shareasale.com,UDP,2,
shareasale.com,TCP,2,
businessweek.com,UDP,2,
businessweek.com,TCP,2,
partypoker.com,UDP,2,
partypoker.com,TCP,2,
myegy.com,UDP,2,
myegy.com,TCP,2,
comcast.com,UDP,2,
comcast.com,TCP,2,
51.com,UDP,2,
51.com,TCP,2,
imagebam.com,UDP,2,
imagebam.com,TCP,2,
custhelp.com,UDP,2,
custhelp.com,TCP,2,
nu.nl,UDP,2,
nu.nl,TCP,2,
tigerdirect.com,UDP,2,
tigerdirect.com,TCP,2,
news.com.au,UDP,2,
news.com.au,TCP,2,
tnaflix.com,UDP,2,
tnaflix.com,TCP,2,
persianblog.ir,UDP,2,
persianblog.ir,TCP,2,
seriesyonkis.com,UDP,2,
seriesyonkis.com,TCP,2,
shoplocal.com,UDP,2,
shoplocal.com,TCP,2,
slutload.com,UDP,2,
slutload.com,TCP,2,
bigpoint.com,UDP,2,
bigpoint.com,TCP,2,
traforet.ru,UDP,2,
traforet.ru,TCP,2,
webmd.com,UDP,2,
webmd.com,TCP,2,
admagnet.net,UDP,2,
admagnet.net,TCP,2,
geocities.jp,UDP,2,
geocities.jp,TCP,2,
chinanews.com,UDP,2,
chinanews.com,TCP,2,
tinypic.com,UDP,2,
tinypic.com,TCP,2,
sape.ru,UDP,2,
sape.ru,TCP,2,
verizon.com,UDP,2,
verizon.com,TCP,2,
feedburner.com,UDP,2,
feedburner.com,TCP,2,
staples.com,UDP,2,
staples.com,TCP,2,
enet.com.cn,UDP,2,
enet.com.cn,TCP,2,
flipkart.com,UDP,2,
flipkart.com,TCP,2,
oneindia.in,UDP,2,
oneindia.in,TCP,2,
cocolog-nifty.com,UDP,2,
cocolog-nifty.com,TCP,2,
altervista.org,UDP,2,
altervista.org,TCP,2,
duowan.com,UDP,2,
duowan.com,TCP,2,
incredimail.com,UDP,2,
incredimail.com,TCP,2,
sponichi.co.jp,UDP,2,
sponichi.co.jp,TCP,2,
issuu.com,UDP,2,
issuu.com,TCP,2,
gc.ca,UDP,2,
gc.ca,TCP,2,
zhaopin.com,UDP,2,
zhaopin.com,TCP,2,
nokia.com,UDP,2,
nokia.com,TCP,2,
fatakat.com,UDP,2,
fatakat.com,TCP,2,
wunderground.com,UDP,2,
wunderground.com,TCP,2,
icicibank.com,UDP,2,
icicibank.com,TCP,2,
snapdeal.com,UDP,2,
snapdeal.com,TCP,2,
asahi.com,UDP,2,
asahi.com,TCP,2,
sahibinden.com,UDP,2,
sahibinden.com,TCP,2,
lowes.com,UDP,2,
lowes.com,TCP,2,
docin.com,UDP,2,
docin.com,TCP,2,
ya.ru,UDP,2,
ya.ru,TCP,2,
wired.com,UDP,2,
wired.com,TCP,2,
gotomeeting.com,UDP,2,
gotomeeting.com,TCP,2,
amung.us,UDP,2,
amung.us,TCP,2,
123rf.com,UDP,2,
123rf.com,TCP,2,
jimdo.com,UDP,2,
jimdo.com,TCP,2,
meetup.com,UDP,2,
meetup.com,TCP,2,
zynga.com,UDP,2,
zynga.com,TCP,2,
moneycontrol.com,UDP,2,
moneycontrol.com,TCP,2,
nikkeibp.co.jp,UDP,2,
nikkeibp.co.jp,TCP,2,
sinaimg.cn,UDP,2,
sinaimg.cn,TCP,2,
skyrock.com,UDP,2,
skyrock.com,TCP,2,
weather.com.cn,UDP,2,
weather.com.cn,TCP,2,
ebay.in,UDP,2,
ebay.in,TCP,2,
lashou.com,UDP,2,
lashou.com,TCP,2,
nba.com,UDP,2,
nba.com,TCP,2,
iminent.com,UDP,2,
iminent.com,TCP,2,
grooveshark.com,UDP,2,
grooveshark.com,TCP,2,
vente-privee.com,UDP,2,
vente-privee.com,TCP,2,
varzesh3.com,UDP,2,
varzesh3.com,TCP,2,
wix.com,UDP,2,
wix.com,TCP,2,
victoriassecret.com,UDP,2,
victoriassecret.com,TCP,2,
so-net.ne.jp,UDP,2,
so-net.ne.jp,TCP,2,
focus.cn,UDP,2,
focus.cn,TCP,2,
whitepages.com,UDP,2,
whitepages.com,TCP,2,
who.is,UDP,2,
who.is,TCP,2,
acesse.com,UDP,2,
acesse.com,TCP,2,
timeanddate.com,UDP,2,
timeanddate.com,TCP,2,
lzjl.com,UDP,2,
lzjl.com,TCP,2,
buy.com,UDP,2,
buy.com,TCP,2,
ocn.ne.jp,UDP,2,
ocn.ne.jp,TCP,2,
www.net.cn,UDP,2,
www.net.cn,TCP,2,
ct10000.com,UDP,2,
ct10000.com,TCP,2,
cnbc.com,UDP,2,
cnbc.com,TCP,2,
lequipe.fr,UDP,2,
lequipe.fr,TCP,2,
nhl.com,UDP,2,
nhl.com,TCP,2,
smashingmagazine.com,UDP,2,
smashingmagazine.com,TCP,2,
kijiji.ca,UDP,2,
kijiji.ca,TCP,2,
videorewardspot.com,UDP,2,
videorewardspot.com,TCP,2,
pcworld.com,UDP,2,
pcworld.com,TCP,2,
inetglobal.com,UDP,2,
inetglobal.com,TCP,2,
disney.go.com,UDP,2,
disney.go.com,TCP,2,
dantri.com.vn,UDP,2,
dantri.com.vn,TCP,2,
justin.tv,UDP,2,
justin.tv,TCP,2,
camzap.com,UDP,2,
camzap.com,TCP,2,
tutsplus.com,UDP,2,
tutsplus.com,TCP,2,
pcauto.com.cn,UDP,2,
pcauto.com.cn,TCP,2,
wo.com.cn,UDP,2,
wo.com.cn,TCP,2,
google.sk,UDP,2,
google.sk,TCP,2,
qidian.com,UDP,2,
qidian.com,TCP,2,
zillow.com,UDP,2,
zillow.com,TCP,2,
nate.com,UDP,2,
nate.com,TCP,2,
pcgames.com.cn,UDP,2,
pcgames.com.cn,TCP,2,
gutefrage.net,UDP,2,
gutefrage.net,TCP,2,
excite.co.jp,UDP,2,
excite.co.jp,TCP,2,
qvc.com,UDP,2,
qvc.com,TCP,2,
cnbeta.com,UDP,2,
cnbeta.com,TCP,2,
templatemonster.com,UDP,2,
templatemonster.com,TCP,2,
orkut.co.in,UDP,2,
orkut.co.in,TCP,2,
lockerz.com,UDP,2,
lockerz.com,TCP,2,
it168.com,UDP,2,
it168.com,TCP,2,
immobilienscout24.de,UDP,2,
immobilienscout24.de,TCP,2,
xtube.com,UDP,2,
xtube.com,TCP,2,
urbandictionary.com,UDP,2,
urbandictionary.com,TCP,2,
force.com,UDP,2,
force.com,TCP,2,
bet365.com,UDP,2,
bet365.com,TCP,2,
akamaihd.net,UDP,2,
akamaihd.net,TCP,2,
getresponse.com,UDP,2,
getresponse.com,TCP,2,
blog.com,UDP,2,
blog.com,TCP,2,
xbox.com,UDP,2,
xbox.com,TCP,2,
porn.com,UDP,2,
porn.com,TCP,2,
google.co.ma,UDP,2,
google.co.ma,TCP,2,
ndtv.com,UDP,2,
ndtv.com,TCP,2,
xvideoslive.com,UDP,2,
xvideoslive.com,TCP,2,
mobile.de,UDP,2,
mobile.de,TCP,2,
eluniversal.com.mx,UDP,2,
eluniversal.com.mx,TCP,2,
way2sms.com,UDP,2,
way2sms.com,TCP,2,
last.fm,UDP,2,
last.fm,TCP,2,
4tube.com,UDP,2,
4tube.com,TCP,2,
warez-bb.org,UDP,2,
warez-bb.org,TCP,2,
ibibo.com,UDP,2,
ibibo.com,TCP,2,
tom.com,UDP,2,
tom.com,TCP,2,
putlocker.com,UDP,2,
putlocker.com,TCP,2,
lefigaro.fr,UDP,2,
lefigaro.fr,TCP,2,
pixmania.com,UDP,2,
pixmania.com,TCP,2,
filehippo.com,UDP,2,
filehippo.com,TCP,2,
cmbchina.com,UDP,2,
cmbchina.com,TCP,2,
adscale.de,UDP,2,
adscale.de,TCP,2,
elance.com,UDP,2,
elance.com,TCP,2,
lifehacker.com,UDP,2,
lifehacker.com,TCP,2,
mysql.com,UDP,2,
mysql.com,TCP,2,
babycenter.com,UDP,2,
babycenter.com,TCP,2,
gnavi.co.jp,UDP,2,
gnavi.co.jp,TCP,2,
vmn.net,UDP,2,
vmn.net,TCP,2,
bleacherreport.com,UDP,2,
bleacherreport.com,TCP,2,
biglion.ru,UDP,2,
biglion.ru,TCP,2,
uploading.com,UDP,2,
uploading.com,TCP,2,
wiktionary.org,UDP,2,
wiktionary.org,TCP,2,
kmart.com,UDP,2,
kmart.com,TCP,2,
oron.com,UDP,2,
oron.com,TCP,2,
cracked.com,UDP,2,
cracked.com,TCP,2,
nordstrom.com,UDP,2,
nordstrom.com,TCP,2,
hypergames.net,UDP,2,
hypergames.net,TCP,2,
nhk.or.jp,UDP,2,
nhk.or.jp,TCP,2,
monster.com,UDP,2,
monster.com,TCP,2,
quikr.com,UDP,2,
quikr.com,TCP,2,
filejungle.com,UDP,2,
filejungle.com,TCP,2,
mapquest.com,UDP,2,
mapquest.com,TCP,2,
heise.de,UDP,2,
heise.de,TCP,2,
sapo.pt,UDP,2,
sapo.pt,TCP,2,
beemp3.com,UDP,2,
beemp3.com,TCP,2,
inbox.com,UDP,2,
inbox.com,TCP,2,
dreamstime.com,UDP,2,
dreamstime.com,TCP,2,
gizmodo.com,UDP,2,
gizmodo.com,TCP,2,
beeg.com,UDP,2,
beeg.com,TCP,2,
bhphotovideo.com,UDP,2,
bhphotovideo.com,TCP,2,
npr.org,UDP,2,
npr.org,TCP,2,
qip.ru,UDP,2,
qip.ru,TCP,2,
jugem.jp,UDP,2,
jugem.jp,TCP,2,
pgmediaserve.com,UDP,2,
pgmediaserve.com,TCP,2,
nikkei.com,UDP,2,
nikkei.com,TCP,2,
hubspot.com,UDP,2,
hubspot.com,TCP,2,
quickmeme.com,UDP,2,
quickmeme.com,TCP,2,
backpage.com,UDP,2,
backpage.com,TCP,2,
as.com,UDP,2,
as.com,TCP,2,
interia.pl,UDP,2,
interia.pl,TCP,2,
uploaded.to,UDP,2,
uploaded.to,TCP,2,
icbc.com.cn,UDP,2,
icbc.com.cn,TCP,2,
dealextreme.com,UDP,2,
dealextreme.com,TCP,2,
list-manage.com,UDP,2,
list-manage.com,TCP,2,
yellowpages.com,UDP,2,
yellowpages.com,TCP,2,
videozer.com,UDP,2,
videozer.com,TCP,2,
myfreecams.com,UDP,2,
myfreecams.com,TCP,2,
theplanet.com,UDP,2,
theplanet.com,TCP,2,
sulekha.com,UDP,2,
sulekha.com,TCP,2,
macrumors.com,UDP,2,
macrumors.com,TCP,2,
southwest.com,UDP,2,
southwest.com,TCP,2,
usbank.com,UDP,2,
usbank.com,TCP,2,
appspot.com,UDP,2,
appspot.com,TCP,2,
fotostrana.ru,UDP,2,
fotostrana.ru,TCP,2,
kinopoisk.ru,UDP,2,
kinopoisk.ru,TCP,2,
careerbuilder.com,UDP,2,
careerbuilder.com,TCP,2,
java.com,UDP,2,
java.com,TCP,2,
tripod.com,UDP,2,
tripod.com,TCP,2,
japanpost.jp,UDP,2,
japanpost.jp,TCP,2,
webmoney.ru,UDP,2,
webmoney.ru,TCP,2,
ynet.com,UDP,2,
ynet.com,TCP,2,
ziddu.com,UDP,2,
ziddu.com,TCP,2,
softlayer.com,UDP,2,
softlayer.com,TCP,2,
gamefaqs.com,UDP,2,
gamefaqs.com,TCP,2,
xda-developers.com,UDP,2,
xda-developers.com,TCP,2,
zazzle.com,UDP,2,
zazzle.com,TCP,2,
accuweather.com,UDP,2,
accuweather.com,TCP,2,
zing.vn,UDP,2,
zing.vn,TCP,2,
dmoz.org,UDP,2,
dmoz.org,TCP,2,
bizrate.com,UDP,2,
bizrate.com,TCP,2,
infusionsoft.com,UDP,2,
infusionsoft.com,TCP,2,
europa.eu,UDP,2,
europa.eu,TCP,2,
arpg2.com,UDP,2,
arpg2.com,TCP,2,
seoquake.com,UDP,2,
seoquake.com,TCP,2,
ft.com,UDP,2,
ft.com,TCP,2,
tubegalore.com,UDP,2,
tubegalore.com,TCP,2,
haberturk.com,UDP,2,
haberturk.com,TCP,2,
examiner.com,UDP,2,
examiner.com,TCP,2,
made-in-china.com,UDP,2,
made-in-china.com,TCP,2,
rakuten.ne.jp,UDP,2,
rakuten.ne.jp,TCP,2,
impress.co.jp,UDP,2,
impress.co.jp,TCP,2,
pornerbros.com,UDP,2,
pornerbros.com,TCP,2,
asos.com,UDP,2,
asos.com,TCP,2,
kompas.com,UDP,2,
kompas.com,TCP,2,
pagesjaunes.fr,UDP,2,
pagesjaunes.fr,TCP,2,
paper.li,UDP,2,
paper.li,TCP,2,
avito.ru,UDP,2,
avito.ru,TCP,2,
m-w.com,UDP,2,
m-w.com,TCP,2,
steampowered.com,UDP,2,
steampowered.com,TCP,2,
atwiki.jp,UDP,2,
atwiki.jp,TCP,2,
citibank.com,UDP,2,
citibank.com,TCP,2,
google.co.nz,UDP,2,
google.co.nz,TCP,2,
uploadstation.com,UDP,2,
uploadstation.com,TCP,2,
allocine.fr,UDP,2,
allocine.fr,TCP,2,
neobux.com,UDP,2,
neobux.com,TCP,2,
howstuffworks.com,UDP,2,
howstuffworks.com,TCP,2,
enterfactory.com,UDP,2,
enterfactory.com,TCP,2,
zendesk.com,UDP,2,
zendesk.com,TCP,2,
onlinedown.net,UDP,2,
onlinedown.net,TCP,2,
shutterfly.com,UDP,2,
shutterfly.com,TCP,2,
logmein.com,UDP,2,
logmein.com,TCP,2,
mtime.com,UDP,2,
mtime.com,TCP,2,
td.com,UDP,2,
td.com,TCP,2,
brothersoft.com,UDP,2,
brothersoft.com,TCP,2,
manta.com,UDP,2,
manta.com,TCP,2,
adultadworld.com,UDP,2,
adultadworld.com,TCP,2,
ccb.com,UDP,2,
ccb.com,TCP,2,
wikihow.com,UDP,2,
wikihow.com,TCP,2,
dict.cc,UDP,2,
dict.cc,TCP,2,
seobook.com,UDP,2,
seobook.com,TCP,2,
mercadolibre.com.ve,UDP,2,
mercadolibre.com.ve,TCP,2,
groupon.cn,UDP,2,
groupon.cn,TCP,2,
anonym.to,UDP,2,
anonym.to,TCP,2,
okwave.jp,UDP,2,
okwave.jp,TCP,2,
thepostgame.com,UDP,2,
thepostgame.com,TCP,2,
uuu9.com,UDP,2,
uuu9.com,TCP,2,
sfgate.com,UDP,2,
sfgate.com,TCP,2,
sidereel.com,UDP,2,
sidereel.com,TCP,2,
namecheap.com,UDP,2,
namecheap.com,TCP,2,
google.az,UDP,2,
google.az,TCP,2,
klout.com,UDP,2,
klout.com,TCP,2,
blogimg.jp,UDP,2,
blogimg.jp,TCP,2,
msn.ca,UDP,2,
msn.ca,TCP,2,
google.bg,UDP,2,
google.bg,TCP,2,
icontact.com,UDP,2,
icontact.com,TCP,2,
xhamstercams.com,UDP,2,
xhamstercams.com,TCP,2,
infolinks.com,UDP,2,
infolinks.com,TCP,2,
microsoftonline.com,UDP,2,
microsoftonline.com,TCP,2,
bodybuilding.com,UDP,2,
bodybuilding.com,TCP,2,
okcupid.com,UDP,2,
okcupid.com,TCP,2,
nasa.gov,UDP,2,
nasa.gov,TCP,2,
boston.com,UDP,2,
boston.com,TCP,2,
flippa.com,UDP,2,
flippa.com,TCP,2,
hsbc.co.uk,UDP,2,
hsbc.co.uk,TCP,2,
foursquare.com,UDP,2,
foursquare.com,TCP,2,
sanook.com,UDP,2,
sanook.com,TCP,2,
indianrail.gov.in,UDP,2,
indianrail.gov.in,TCP,2,
pclady.com.cn,UDP,2,
pclady.com.cn,TCP,2,
rottentomatoes.com,UDP,2,
rottentomatoes.com,TCP,2,
sfr.fr,UDP,2,
sfr.fr,TCP,2,
telegraaf.nl,UDP,2,
telegraaf.nl,TCP,2,
mangareader.net,UDP,2,
mangareader.net,TCP,2,
aftonbladet.se,UDP,2,
aftonbladet.se,TCP,2,
fnac.com,UDP,2,
fnac.com,TCP,2,
sony.com,UDP,2,
sony.com,TCP,2,
earthlink.net,UDP,2,
earthlink.net,TCP,2,
nextmedia.com,UDP,2,
nextmedia.com,TCP,2,
empflix.com,UDP,2,
empflix.com,TCP,2,
smh.com.au,UDP,2,
smh.com.au,TCP,2,
hiapk.com,UDP,2,
hiapk.com,TCP,2,
adult-empire.com,UDP,2,
adult-empire.com,TCP,2,
intuit.com,UDP,2,
intuit.com,TCP,2,
habrahabr.ru,UDP,2,
habrahabr.ru,TCP,2,
linternaute.com,UDP,2,
linternaute.com,TCP,2,
jxliu.com,UDP,2,
jxliu.com,TCP,2,
welt.de,UDP,2,
welt.de,TCP,2,
pcmag.com,UDP,2,
pcmag.com,TCP,2,
speedbit.com,UDP,2,
speedbit.com,TCP,2,
picnik.com,UDP,2,
picnik.com,TCP,2,
google.com.kw,UDP,2,
google.com.kw,TCP,2,
nationalgeographic.com,UDP,2,
nationalgeographic.com,TCP,2,
liveperson.net,UDP,2,
liveperson.net,TCP,2,
zhubajie.com,UDP,2,
zhubajie.com,TCP,2,
gazzetta.it,UDP,2,
gazzetta.it,TCP,2,
google.com.qa,UDP,2,
google.com.qa,TCP,2,
nydailynews.com,UDP,2,
nydailynews.com,TCP,2,
ctrip.com,UDP,2,
ctrip.com,TCP,2,
porntube.com,UDP,2,
porntube.com,TCP,2,
avast.com,UDP,2,
avast.com,TCP,2,
yiqifa.com,UDP,2,
yiqifa.com,TCP,2,
tenpay.com,UDP,2,
tenpay.com,TCP,2,
goodreads.com,UDP,2,
goodreads.com,TCP,2,
qiyi.com,UDP,2,
qiyi.com,TCP,2,
nypost.com,UDP,2,
nypost.com,TCP,2,
1und1.de,UDP,2,
1und1.de,TCP,2,
pixiv.net,UDP,2,
pixiv.net,TCP,2,
dyndns.org,UDP,2,
dyndns.org,TCP,2,
allabout.co.jp,UDP,2,
allabout.co.jp,TCP,2,
vivanews.com,UDP,2,
vivanews.com,TCP,2,
metrolyrics.com,UDP,2,
metrolyrics.com,TCP,2,
alice.it,UDP,2,
alice.it,TCP,2,
taleo.net,UDP,2,
taleo.net,TCP,2,
plusnetwork.com,UDP,2,
plusnetwork.com,TCP,2,
google.lk,UDP,2,
google.lk,TCP,2,
itmedia.co.jp,UDP,2,
itmedia.co.jp,TCP,2,
gamestop.com,UDP,2,
gamestop.com,TCP,2,
playstation.com,UDP,2,
playstation.com,TCP,2,
1channel.ch,UDP,2,
1channel.ch,TCP,2,
idealo.de,UDP,2,
idealo.de,TCP,2,
iconfinder.com,UDP,2,
iconfinder.com,TCP,2,
clixsense.com,UDP,2,
clixsense.com,TCP,2,
amazon.it,UDP,2,
amazon.it,TCP,2,
tuan800.com,UDP,2,
tuan800.com,TCP,2,
ucoz.com,UDP,2,
ucoz.com,TCP,2,
sky.com,UDP,2,
sky.com,TCP,2,
19lou.com,UDP,2,
19lou.com,TCP,2,
orf.at,UDP,2,
orf.at,TCP,2,
dtiblog.com,UDP,2,
dtiblog.com,TCP,2,
fatwallet.com,UDP,2,
fatwallet.com,TCP,2,
searchengines.ru,UDP,2,
searchengines.ru,TCP,2,
tistory.com,UDP,2,
tistory.com,TCP,2,
nuvid.com,UDP,2,
nuvid.com,TCP,2,
ahram.org.eg,UDP,2,
ahram.org.eg,TCP,2,
sitemeter.com,UDP,2,
sitemeter.com,TCP,2,
naver.jp,UDP,2,
naver.jp,TCP,2,
ticketmaster.com,UDP,2,
ticketmaster.com,TCP,2,
discovery.com,UDP,2,
discovery.com,TCP,2,
codecanyon.net,UDP,2,
codecanyon.net,TCP,2,
priceline.com,UDP,2,
priceline.com,TCP,2,
subscene.com,UDP,2,
subscene.com,TCP,2,
xyxy.net,UDP,2,
xyxy.net,TCP,2,
trafficholder.com,UDP,2,
trafficholder.com,TCP,2,
radikal.ru,UDP,2,
radikal.ru,TCP,2,
songs.pk,UDP,2,
songs.pk,TCP,2,
skycn.com,UDP,2,
skycn.com,TCP,2,
magentocommerce.com,UDP,2,
magentocommerce.com,TCP,2,
cheshi.com.cn,UDP,2,
cheshi.com.cn,TCP,2,
filepost.com,UDP,2,
filepost.com,TCP,2,
tabnak.ir,UDP,2,
tabnak.ir,TCP,2,
jibjab.com,UDP,2,
jibjab.com,TCP,2,
foxtab.com,UDP,2,
foxtab.com,TCP,2,
networkedblogs.com,UDP,2,
networkedblogs.com,TCP,2,
hotels.com,UDP,2,
hotels.com,TCP,2,
pixnet.net,UDP,2,
pixnet.net,TCP,2,
tuenti.com,UDP,2,
tuenti.com,TCP,2,
888.com,UDP,2,
888.com,TCP,2,
intel.com,UDP,2,
intel.com,TCP,2,
walgreens.com,UDP,2,
walgreens.com,TCP,2,
markosweb.com,UDP,2,
markosweb.com,TCP,2,
ekolay.net,UDP,2,
ekolay.net,TCP,2,
argos.co.uk,UDP,2,
argos.co.uk,TCP,2,
independent.co.uk,UDP,2,
independent.co.uk,TCP,2,
aljazeera.net,UDP,2,
aljazeera.net,TCP,2,
6.cn,UDP,2,
6.cn,TCP,2,
twoo.com,UDP,2,
twoo.com,TCP,2,
nipic.com,UDP,2,
nipic.com,TCP,2,
bahn.de,UDP,2,
bahn.de,TCP,2,
break.com,UDP,2,
break.com,TCP,2,
ca.gov,UDP,2,
ca.gov,TCP,2,
tataindicom.com,UDP,2,
tataindicom.com,TCP,2,
cnr.cn,UDP,2,
cnr.cn,TCP,2,
opensiteexplorer.org,UDP,2,
opensiteexplorer.org,TCP,2,
justbeenpaid.com,UDP,2,
justbeenpaid.com,TCP,2,
goo.gl,UDP,2,
goo.gl,TCP,2,
dhl.de,UDP,2,
dhl.de,TCP,2,
sitepoint.com,UDP,2,
sitepoint.com,TCP,2,
zeekrewards.com,UDP,2,
zeekrewards.com,TCP,2,
premierleague.com,UDP,2,
premierleague.com,TCP,2,
novinky.cz,UDP,2,
novinky.cz,TCP,2,
clickbank.net,UDP,2,
clickbank.net,TCP,2,
sxc.hu,UDP,2,
sxc.hu,TCP,2,
clarin.com,UDP,2,
clarin.com,TCP,2,
justdial.com,UDP,2,
justdial.com,TCP,2,
mail.com,UDP,2,
mail.com,TCP,2,
empowernetwork.com,UDP,2,
empowernetwork.com,TCP,2,
aruba.it,UDP,2,
aruba.it,TCP,2,
masrawy.com,UDP,2,
masrawy.com,TCP,2,
asg.to,UDP,2,
asg.to,TCP,2,
mediaset.it,UDP,2,
mediaset.it,TCP,2,
24h.com.vn,UDP,2,
24h.com.vn,TCP,2,
jeuxvideo.com,UDP,2,
jeuxvideo.com,TCP,2,
askmen.com,UDP,2,
askmen.com,TCP,2,
lacaixa.es,UDP,2,
lacaixa.es,TCP,2,
scriptmafia.org,UDP,2,
scriptmafia.org,TCP,2,
battlefield.com,UDP,2,
battlefield.com,TCP,2,
noticias24.com,UDP,2,
noticias24.com,TCP,2,
zoho.com,UDP,2,
zoho.com,TCP,2,
ebay.ca,UDP,2,
ebay.ca,TCP,2,
idnes.cz,UDP,2,
idnes.cz,TCP,2,
seowhy.com,UDP,2,
seowhy.com,TCP,2,
marktplaats.nl,UDP,2,
marktplaats.nl,TCP,2,
gazeta.ru,UDP,2,
gazeta.ru,TCP,2,
opera.com,UDP,2,
opera.com,TCP,2,
klikbca.com,UDP,2,
klikbca.com,TCP,2,
streamate.com,UDP,2,
streamate.com,TCP,2,
cbslocal.com,UDP,2,
cbslocal.com,TCP,2,
laredoute.fr,UDP,2,
laredoute.fr,TCP,2,
yocc.net,UDP,2,
yocc.net,TCP,2,
makeuseof.com,UDP,2,
makeuseof.com,TCP,2,
infoseek.co.jp,UDP,2,
infoseek.co.jp,TCP,2,
hi5.com,UDP,2,
hi5.com,TCP,2,
lenovo.com,UDP,2,
lenovo.com,TCP,2,
sueddeutsche.de,UDP,2,
sueddeutsche.de,TCP,2,
ebay.es,UDP,2,
ebay.es,TCP,2,
adonweb.ru,UDP,2,
adonweb.ru,TCP,2,
play.com,UDP,2,
play.com,TCP,2,
icicibank.co.in,UDP,2,
icicibank.co.in,TCP,2,
uefa.com,UDP,2,
uefa.com,TCP,2,
swtor.com,UDP,2,
swtor.com,TCP,2,
google.com.ec,UDP,2,
google.com.ec,TCP,2,
hm.com,UDP,2,
hm.com,TCP,2,
17173.com,UDP,2,
17173.com,TCP,2,
elegantthemes.com,UDP,2,
elegantthemes.com,TCP,2,
orbitz.com,UDP,2,
orbitz.com,TCP,2,
ultimate-guitar.com,UDP,2,
ultimate-guitar.com,TCP,2,
samsclub.com,UDP,2,
samsclub.com,TCP,2,
apache.org,UDP,2,
apache.org,TCP,2,
nk.pl,UDP,2,
nk.pl,TCP,2,
cafepress.com,UDP,2,
cafepress.com,TCP,2,
tesco.com,UDP,2,
tesco.com,TCP,2,
shangdu.com,UDP,2,
shangdu.com,TCP,2,
cbs.com,UDP,2,
cbs.com,TCP,2,
egotastic.com,UDP,2,
egotastic.com,TCP,2,
mangafox.com,UDP,2,
mangafox.com,TCP,2,
gamer.com.tw,UDP,2,
gamer.com.tw,TCP,2,
warriorplus.com,UDP,2,
warriorplus.com,TCP,2,
sanspo.com,UDP,2,
sanspo.com,TCP,2,
freeones.com,UDP,2,
freeones.com,TCP,2,
box.com,UDP,2,
box.com,TCP,2,
100tjs.com,UDP,2,
100tjs.com,TCP,2,
mybrowserbar.com,UDP,2,
mybrowserbar.com,TCP,2,
hidemyass.com,UDP,2,
hidemyass.com,TCP,2,
21cn.com,UDP,2,
21cn.com,TCP,2,
ancestry.com,UDP,2,
ancestry.com,TCP,2,
mlb.com,UDP,2,
mlb.com,TCP,2,
usmagazine.com,UDP,2,
usmagazine.com,TCP,2,
