google.com,0,
facebook.com,0,
youtube.com,0,
yahoo.com,0,
baidu.com,0,
wikipedia.org,0,
live.com,0,
blogspot.com,0,
amazon.com,0,
twitter.com,0,
qq.com,0,
taobao.com,0,
msn.com,0,
linkedin.com,0,
google.co.in,0,
yahoo.co.jp,0,
sina.com.cn,0,
ebay.com,0,
wordpress.com,0,
google.de,0,
google.com.hk,0,
yandex.ru,0,
google.co.uk,0,
google.co.jp,0,
google.fr,0,
bing.com,0,
apple.com,0,
weibo.com,0,
t.co,0,
microsoft.com,0,
paypal.com,0,
163.com,0,
mail.ru,0,
google.com.br,0,
soso.com,0,
google.it,0,
imdb.com,0,
tumblr.com,0,
google.es,0,
go.com,0,
livejasmin.com,0,
google.ru,0,
fc2.com,0,
bbc.co.uk,0,
flickr.com,0,
sohu.com,0,
vkontakte.ru,0,
craigslist.org,0,
googleusercontent.com,0,
tudou.com,0,
blogger.com,0,
ask.com,0,
youku.com,0,
xvideos.com,0,
tmall.com,0,
babylon.com,0,
google.com.mx,0,
xhamster.com,0,
ifeng.com,0,
google.ca,0,
espn.go.com,0,
cnn.com,0,
zedo.com,0,
aol.com,0,
adobe.com,0,
amazon.de,0,
ebay.de,0,
about.com,0,
conduit.com,0,
rakuten.co.jp,0,
google.co.id,0,
mediafire.com,0,
alibaba.com,0,
ameblo.jp,0,
alipay.com,0,
megaupload.com,0,
pornhub.com,0,
amazon.co.uk,0,
odnoklassniki.ru,0,
thepiratebay.org,0,
google.com.tr,0,
walmart.com,0,
cnet.com,0,
uol.com.br,0,
ebay.co.uk,0,
google.com.au,0,
godaddy.com,0,
imgur.com,0,
huffingtonpost.com,0,
wordpress.org,0,
4shared.com,0,
360buy.com,0,
google.pl,0,
bp.blogspot.com,0,
livedoor.com,0,
youporn.com,0,
chinaz.com,0,
nytimes.com,0,
amazon.co.jp,0,
renren.com,0,
netflix.com,0,
livejournal.com,0,
dailymotion.com,0,
hao123.com,0,
bestbuy.com,0,
globo.com,0,
stackoverflow.com,0,
google.com.sa,0,
cnzz.com,0,
douban.com,0,
google.nl,0,
vimeo.com,0,
sparkstudios.com,0,
megaclick.com,0,
badoo.com,0,
sogou.com,0,
secureserver.net,0,
dailymail.co.uk,0,
addthis.com,0,
google.com.ar,0,
reddit.com,0,
tube8.com,0,
xnxx.com,0,
bankofamerica.com,0,
stumbleupon.com,0,
target.com,0,
redtube.com,0,
weather.com,0,
doubleclick.com,0,
goo.ne.jp,0,
pengyou.com,0,
filestube.com,0,
indiatimes.com,0,
google.com.pk,0,
deviantart.com,0,
google.cn,0,
chase.com,0,
naver.com,0,
adf.ly,0,
tianya.cn,0,
fileserve.com,0,
aweber.com,0,
wikimedia.org,0,
etsy.com,0,
google.co.th,0,
amazonaws.com,0,
torrentz.eu,0,
mywebsearch.com,0,
imageshack.us,0,
avg.com,0,
warriorforum.com,0,
google.com.eg,0,
ehow.com,0,
ups.com,0,
photobucket.com,0,
optmd.com,0,
pconline.com.cn,0,
fbcdn.net,0,
myspace.com,0,
spiegel.de,0,
google.co.za,0,
pinterest.com,0,
nicovideo.jp,0,
rediff.com,0,
sourceforge.net,0,
filesonic.com,0,
foxnews.com,0,
searchqu.com,0,
taringa.net,0,
ganji.com,0,
wellsfargo.com,0,
wikia.com,0,
orkut.com,0,
reference.com,0,
download.com,0,
search-results.com,0,
58.com,0,
comcast.net,0,
guardian.co.uk,0,
yieldmanager.com,0,
statcounter.com,0,
megavideo.com,0,
skype.com,0,
orkut.com.br,0,
onet.pl,0,
espncricinfo.com,0,
blogfa.com,0,
clicksor.com,0,
rambler.ru,0,
slideshare.net,0,
mashable.com,0,
allegro.pl,0,
ucoz.ru,0,
mozilla.org,0,
liveinternet.ru,0,
google.com.my,0,
digg.com,0,
tribalfusion.com,0,
answers.com,0,
zol.com.cn,0,
csdn.net,0,
google.co.ve,0,
squidoo.com,0,
secureintl.com,0,
w3schools.com,0,
yelp.com,0,
bild.de,0,
ameba.jp,0,
files.wordpress.com,0,
usps.com,0,
xunlei.com,0,
mixi.jp,0,
xinhuanet.com,0,
twitpic.com,0,
free.fr,0,
outbrain.com,0,
people.com.cn,0,
google.be,0,
archive.org,0,
hootsuite.com,0,
rapidshare.com,0,
360.cn,0,
hulu.com,0,
google.gr,0,
newegg.com,0,
orange.fr,0,
56.com,0,
terra.com.br,0,
youjizz.com,0,
hp.com,0,
maktoob.com,0,
repubblica.it,0,
dell.com,0,
hatena.ne.jp,0,
soku.com,0,
google.com.co,0,
wsj.com,0,
groupon.com,0,
reuters.com,0,
telegraph.co.uk,0,
paipai.com,0,
leboncoin.fr,0,
salesforce.com,0,
hostgator.com,0,
php.net,0,
adultfriendfinder.com,0,
domaintools.com,0,
typepad.com,0,
daum.net,0,
google.com.vn,0,
soufun.com,0,
fiverr.com,0,
dropbox.com,0,
samsung.com,0,
themeforest.net,0,
google.com.ua,0,
constantcontact.com,0,
web.de,0,
kaskus.us,0,
hudong.com,0,
youdao.com,0,
clickbank.com,0,
google.com.tw,0,
google.at,0,
gmx.net,0,
google.se,0,
booking.com,0,
cj.com,0,
cam4.com,0,
wordreference.com,0,
kohls.com,0,
android.com,0,
google.ro,0,
linkwithin.com,0,
nfl.com,0,
narod.ru,0,
kaixin001.com,0,
51.la,0,
isohunt.com,0,
washingtonpost.com,0,
hardsextube.com,0,
wp.pl,0,
google.com.ph,0,
toysrus.com,0,
rutracker.org,0,
libero.it,0,
softonic.com,0,
iqiyi.com,0,
fedex.com,0,
tagged.com,0,
ign.com,0,
google.ch,0,
ikea.com,0,
kat.ph,0,
scribd.com,0,
xe.com,0,
instagr.am,0,
tripadvisor.com,0,
xing.com,0,
china.com,0,
homeway.com.cn,0,
macys.com,0,
corriere.it,0,
2ch.net,0,
ku6.com,0,
google.com.pe,0,
9gag.com,0,
kakaku.com,0,
10086.cn,0,
hubpages.com,0,
techcrunch.com,0,
sears.com,0,
google.cl,0,
joomla.org,0,
pof.com,0,
thefreedictionary.com,0,
americanexpress.com,0,
forbes.com,0,
marca.com,0,
amazon.fr,0,
angege.com,0,
ebay.it,0,
126.com,0,
amazon.cn,0,
google.co.kr,0,
seesaa.net,0,
att.com,0,
digitalpoint.com,0,
istockphoto.com,0,
nifty.com,0,
aizhan.com,0,
google.com.sg,0,
in.com,0,
ezinearticles.com,0,
google.pt,0,
hotfile.com,0,
vancl.com,0,
google.com.ng,0,
allrecipes.com,0,
ig.com.br,0,
uimserv.net,0,
slickdeals.net,0,
leo.org,0,
yesky.com,0,
dianping.com,0,
drtuber.com,0,
mop.com,0,
mercadolivre.com.br,0,
depositfiles.com,0,
seznam.cz,0,
t-online.de,0,
over-blog.com,0,
latimes.com,0,
alimama.com,0,
pandora.com,0,
elpais.com,0,
opendns.com,0,
kooora.com,0,
weebly.com,0,
ning.com,0,
soundcloud.com,0,
w3.org,0,
nih.gov,0,
freelancer.com,0,
barnesandnoble.com,0,
facemoods.com,0,
wretch.cc,0,
usatoday.com,0,
sweetim.com,0,
vnexpress.net,0,
huanqiu.com,0,
netlog.com,0,
goal.com,0,
ebay.com.au,0,
verizonwireless.com,0,
jcpenney.com,0,
engadget.com,0,
bloomberg.com,0,
shutterstock.com,0,
videobb.com,0,
retailmenot.com,0,
match.com,0,
google.ie,0,
ero-advertising.com,0,
commentcamarche.net,0,
elmundo.es,0,
drudgereport.com,0,
indeed.com,0,
trekaklik.com,0,
gap.com,0,
mailchimp.com,0,
yfrog.com,0,
spankwire.com,0,
bluehost.com,0,
google.ae,0,
biglobe.ne.jp,0,
sakura.ne.jp,0,
abcnews.go.com,0,
vk.com,0,
mynet.com,0,
ebay.fr,0,
autohome.com.cn,0,
delicious.com,0,
hurriyet.com.tr,0,
google.co.hu,0,
dangdang.com,0,
gazeta.pl,0,
admin5.com,0,
rr.com,0,
metacafe.com,0,
overstock.com,0,
histats.com,0,
chip.de,0,
mpnrs.com,0,
letv.com,0,
zimbio.com,0,
webs.com,0,
btjunkie.org,0,
multiupload.com,0,
livedoor.biz,0,
tmz.com,0,
google.dk,0,
milliyet.com.tr,0,
businessinsider.com,0,
surveymonkey.com,0,
51job.com,0,
twimg.com,0,
multiply.com,0,
pptv.com,0,
softpedia.com,0,
ibm.com,0,
lenta.ru,0,
cntv.cn,0,
cnblogs.com,0,
am10.ru,0,
imagevenue.com,0,
eastmoney.com,0,
fotolia.com,0,
youm7.com,0,
livingsocial.com,0,
google.no,0,
people.com,0,
swagbucks.com,0,
rbc.ru,0,
informer.com,0,
peyvandha.ir,0,
gsmarena.com,0,
google.cz,0,
foxsports.com,0,
google.co.il,0,
drupal.org,0,
pchome.net,0,
viadeo.com,0,
cbssports.com,0,
costco.com,0,
jquery.com,0,
seomoz.org,0,
mihanblog.com,0,
love21cn.com,0,
expedia.com,0,
capitalone.com,0,
39.net,0,
iloveyouxi.com,0,
adcash.com,0,
blog.163.com,0,
choopa.net,0,
xcar.com.cn,0,
extratorrent.com,0,
bitly.com,0,
tabelog.com,0,
github.com,0,
hdfcbank.com,0,
woot.com,0,
4399.com,0,
etao.com,0,
gamespot.com,0,
nextag.com,0,
dmm.co.jp,0,
media.tumblr.com,0,
mgid.com,0,
oracle.com,0,
alphaporno.com,0,
demonoid.me,0,
zappos.com,0,
time.com,0,
irctc.co.in,0,
zanox.com,0,
hc360.com,0,
keezmovies.com,0,
google.fi,0,
speedtest.net,0,
pogo.com,0,
ringtonepartner.com,0,
ovh.net,0,
foodnetwork.com,0,
qunar.com,0,
sitesell.com,0,
115.com,0,
xtendmedia.com,0,
buzzfeed.com,0,
naukri.com,0,
homedepot.com,0,
lemonde.fr,0,
basecamphq.com,0,
verycd.com,0,
cbsnews.com,0,
yandex.ua,0,
battle.net,0,
odesk.com,0,
aliexpress.com,0,
livescore.com,0,
itau.com.br,0,
17kuxun.com,0,
y8.com,0,
tradedoubler.com,0,
shopathome.com,0,
dianxin.cn,0,
megacloud.com,0,
mercadolibre.com.mx,0,
wupload.com,0,
letitbit.net,0,
baixing.com,0,
hoopchina.com,0,
virgilio.it,0,
thesun.co.uk,0,
2345.com,0,
meituan.com,0,
yomiuri.co.jp,0,
pch.com,0,
agoda.com,0,
discuz.net,0,
linksynergy.com,0,
abril.com.br,0,
exblog.jp,0,
bearshare.com,0,
detik.com,0,
iteye.com,0,
ustream.tv,0,
ilivid.com,0,
exoclick.com,0,
bitauto.com,0,
movie2k.to,0,
posterous.com,0,
mercadolibre.com.ar,0,
blackberry.com,0,
blackhatworld.com,0,
marketwatch.com,0,
coupons.com,0,
miniclip.com,0,
adjuggler.net,0,
imesh.com,0,
shareasale.com,0,
businessweek.com,0,
partypoker.com,0,
myegy.com,0,
comcast.com,0,
51.com,0,
imagebam.com,0,
custhelp.com,0,
nu.nl,0,
tigerdirect.com,0,
news.com.au,0,
tnaflix.com,0,
persianblog.ir,0,
seriesyonkis.com,0,
shoplocal.com,0,
slutload.com,0,
bigpoint.com,0,
traforet.ru,0,
webmd.com,0,
admagnet.net,0,
geocities.jp,0,
chinanews.com,0,
tinypic.com,0,
sape.ru,0,
verizon.com,0,
feedburner.com,0,
staples.com,0,
enet.com.cn,0,
flipkart.com,0,
oneindia.in,0,
cocolog-nifty.com,0,
altervista.org,0,
duowan.com,0,
incredimail.com,0,
sponichi.co.jp,0,
issuu.com,0,
gc.ca,0,
zhaopin.com,0,
nokia.com,0,
fatakat.com,0,
wunderground.com,0,
icicibank.com,0,
snapdeal.com,0,
asahi.com,0,
sahibinden.com,0,
lowes.com,0,
docin.com,0,
ya.ru,0,
wired.com,0,
gotomeeting.com,0,
amung.us,0,
123rf.com,0,
jimdo.com,0,
meetup.com,0,
zynga.com,0,
moneycontrol.com,0,
nikkeibp.co.jp,0,
sinaimg.cn,0,
skyrock.com,0,
weather.com.cn,0,
ebay.in,0,
lashou.com,0,
nba.com,0,
iminent.com,0,
grooveshark.com,0,
vente-privee.com,0,
varzesh3.com,0,
wix.com,0,
victoriassecret.com,0,
so-net.ne.jp,0,
focus.cn,0,
whitepages.com,0,
who.is,0,
acesse.com,0,
timeanddate.com,0,
lzjl.com,0,
buy.com,0,
ocn.ne.jp,0,
www.net.cn,0,
ct10000.com,0,
cnbc.com,0,
lequipe.fr,0,
nhl.com,0,
smashingmagazine.com,0,
kijiji.ca,0,
videorewardspot.com,0,
pcworld.com,0,
inetglobal.com,0,
disney.go.com,0,
dantri.com.vn,0,
justin.tv,0,
camzap.com,0,
tutsplus.com,0,
pcauto.com.cn,0,
wo.com.cn,0,
google.sk,0,
qidian.com,0,
zillow.com,0,
nate.com,0,
pcgames.com.cn,0,
gutefrage.net,0,
excite.co.jp,0,
qvc.com,0,
cnbeta.com,0,
templatemonster.com,0,
orkut.co.in,0,
lockerz.com,0,
it168.com,0,
immobilienscout24.de,0,
xtube.com,0,
urbandictionary.com,0,
force.com,0,
bet365.com,0,
akamaihd.net,0,
getresponse.com,0,
blog.com,0,
xbox.com,0,
porn.com,0,
google.co.ma,0,
ndtv.com,0,
xvideoslive.com,0,
mobile.de,0,
eluniversal.com.mx,0,
way2sms.com,0,
last.fm,0,
4tube.com,0,
warez-bb.org,0,
ibibo.com,0,
tom.com,0,
putlocker.com,0,
lefigaro.fr,0,
pixmania.com,0,
filehippo.com,0,
cmbchina.com,0,
adscale.de,0,
elance.com,0,
lifehacker.com,0,
mysql.com,0,
babycenter.com,0,
gnavi.co.jp,0,
vmn.net,0,
bleacherreport.com,0,
biglion.ru,0,
uploading.com,0,
wiktionary.org,0,
kmart.com,0,
oron.com,0,
cracked.com,0,
nordstrom.com,0,
hypergames.net,0,
nhk.or.jp,0,
monster.com,0,
quikr.com,0,
filejungle.com,0,
mapquest.com,0,
heise.de,0,
sapo.pt,0,
beemp3.com,0,
inbox.com,0,
dreamstime.com,0,
gizmodo.com,0,
beeg.com,0,
bhphotovideo.com,0,
npr.org,0,
qip.ru,0,
jugem.jp,0,
pgmediaserve.com,0,
nikkei.com,0,
hubspot.com,0,
quickmeme.com,0,
backpage.com,0,
as.com,0,
interia.pl,0,
uploaded.to,0,
icbc.com.cn,0,
dealextreme.com,0,
list-manage.com,0,
yellowpages.com,0,
videozer.com,0,
myfreecams.com,0,
theplanet.com,0,
sulekha.com,0,
macrumors.com,0,
southwest.com,0,
usbank.com,0,
appspot.com,0,
fotostrana.ru,0,
kinopoisk.ru,0,
careerbuilder.com,0,
java.com,0,
tripod.com,0,
japanpost.jp,0,
webmoney.ru,0,
ynet.com,0,
ziddu.com,0,
softlayer.com,0,
gamefaqs.com,0,
xda-developers.com,0,
zazzle.com,0,
accuweather.com,0,
zing.vn,0,
dmoz.org,0,
bizrate.com,0,
infusionsoft.com,0,
europa.eu,0,
arpg2.com,0,
seoquake.com,0,
ft.com,0,
tubegalore.com,0,
haberturk.com,0,
examiner.com,0,
made-in-china.com,0,
rakuten.ne.jp,0,
impress.co.jp,0,
pornerbros.com,0,
asos.com,0,
kompas.com,0,
pagesjaunes.fr,0,
paper.li,0,
avito.ru,0,
m-w.com,0,
steampowered.com,0,
atwiki.jp,0,
citibank.com,0,
google.co.nz,0,
uploadstation.com,0,
allocine.fr,0,
neobux.com,0,
howstuffworks.com,0,
enterfactory.com,0,
zendesk.com,0,
onlinedown.net,0,
shutterfly.com,0,
logmein.com,0,
mtime.com,0,
td.com,0,
brothersoft.com,0,
manta.com,0,
adultadworld.com,0,
ccb.com,0,
wikihow.com,0,
dict.cc,0,
seobook.com,0,
mercadolibre.com.ve,0,
groupon.cn,0,
anonym.to,0,
okwave.jp,0,
thepostgame.com,0,
uuu9.com,0,
sfgate.com,0,
sidereel.com,0,
namecheap.com,0,
google.az,0,
klout.com,0,
blogimg.jp,0,
msn.ca,0,
google.bg,0,
icontact.com,0,
xhamstercams.com,0,
infolinks.com,0,
microsoftonline.com,0,
bodybuilding.com,0,
okcupid.com,0,
nasa.gov,0,
boston.com,0,
flippa.com,0,
hsbc.co.uk,0,
foursquare.com,0,
sanook.com,0,
indianrail.gov.in,0,
pclady.com.cn,0,
rottentomatoes.com,0,
sfr.fr,0,
telegraaf.nl,0,
mangareader.net,0,
aftonbladet.se,0,
fnac.com,0,
sony.com,0,
earthlink.net,0,
nextmedia.com,0,
empflix.com,0,
smh.com.au,0,
hiapk.com,0,
adult-empire.com,0,
intuit.com,0,
habrahabr.ru,0,
linternaute.com,0,
jxliu.com,0,
welt.de,0,
pcmag.com,0,
speedbit.com,0,
picnik.com,0,
google.com.kw,0,
nationalgeographic.com,0,
liveperson.net,0,
zhubajie.com,0,
gazzetta.it,0,
google.com.qa,0,
nydailynews.com,0,
ctrip.com,0,
porntube.com,0,
avast.com,0,
yiqifa.com,0,
tenpay.com,0,
goodreads.com,0,
qiyi.com,0,
nypost.com,0,
1und1.de,0,
pixiv.net,0,
dyndns.org,0,
allabout.co.jp,0,
vivanews.com,0,
metrolyrics.com,0,
alice.it,0,
taleo.net,0,
plusnetwork.com,0,
google.lk,0,
itmedia.co.jp,0,
gamestop.com,0,
playstation.com,0,
1channel.ch,0,
idealo.de,0,
iconfinder.com,0,
clixsense.com,0,
amazon.it,0,
tuan800.com,0,
ucoz.com,0,
sky.com,0,
19lou.com,0,
orf.at,0,
dtiblog.com,0,
fatwallet.com,0,
searchengines.ru,0,
tistory.com,0,
nuvid.com,0,
ahram.org.eg,0,
sitemeter.com,0,
naver.jp,0,
ticketmaster.com,0,
discovery.com,0,
codecanyon.net,0,
priceline.com,0,
subscene.com,0,
xyxy.net,0,
trafficholder.com,0,
radikal.ru,0,
songs.pk,0,
skycn.com,0,
magentocommerce.com,0,
cheshi.com.cn,0,
filepost.com,0,
tabnak.ir,0,
jibjab.com,0,
foxtab.com,0,
networkedblogs.com,0,
hotels.com,0,
pixnet.net,0,
tuenti.com,0,
888.com,0,
intel.com,0,
walgreens.com,0,
markosweb.com,0,
ekolay.net,0,
argos.co.uk,0,
independent.co.uk,0,
aljazeera.net,0,
6.cn,0,
twoo.com,0,
nipic.com,0,
bahn.de,0,
break.com,0,
ca.gov,0,
tataindicom.com,0,
cnr.cn,0,
opensiteexplorer.org,0,
justbeenpaid.com,0,
goo.gl,0,
dhl.de,0,
sitepoint.com,0,
zeekrewards.com,0,
premierleague.com,0,
novinky.cz,0,
clickbank.net,0,
sxc.hu,0,
clarin.com,0,
justdial.com,0,
mail.com,0,
empowernetwork.com,0,
aruba.it,0,
masrawy.com,0,
asg.to,0,
mediaset.it,0,
24h.com.vn,0,
jeuxvideo.com,0,
askmen.com,0,
lacaixa.es,0,
scriptmafia.org,0,
battlefield.com,0,
noticias24.com,0,
zoho.com,0,
ebay.ca,0,
idnes.cz,0,
seowhy.com,0,
marktplaats.nl,0,
gazeta.ru,0,
opera.com,0,
klikbca.com,0,
streamate.com,0,
cbslocal.com,0,
laredoute.fr,0,
yocc.net,0,
makeuseof.com,0,
infoseek.co.jp,0,
hi5.com,0,
lenovo.com,0,
sueddeutsche.de,0,
ebay.es,0,
adonweb.ru,0,
play.com,0,
icicibank.co.in,0,
uefa.com,0,
swtor.com,0,
google.com.ec,0,
hm.com,0,
17173.com,0,
elegantthemes.com,0,
orbitz.com,0,
ultimate-guitar.com,0,
samsclub.com,0,
apache.org,0,
nk.pl,0,
cafepress.com,0,
tesco.com,0,
shangdu.com,0,
cbs.com,0,
egotastic.com,0,
mangafox.com,0,
gamer.com.tw,0,
warriorplus.com,0,
sanspo.com,0,
freeones.com,0,
box.com,0,
100tjs.com,0,
mybrowserbar.com,0,
hidemyass.com,0,
21cn.com,0,
ancestry.com,0,
mlb.com,0,
usmagazine.com,0,
