1,google.com
2,facebook.com
3,youtube.com
4,yahoo.com
5,baidu.com
6,wikipedia.org
7,live.com
8,blogspot.com
9,amazon.com
10,twitter.com
11,qq.com
12,taobao.com
13,msn.com
14,linkedin.com
15,google.co.in
16,yahoo.co.jp
17,sina.com.cn
18,ebay.com
19,wordpress.com
20,google.de
21,google.com.hk
22,yandex.ru
23,google.co.uk
24,google.co.jp
25,google.fr
26,bing.com
27,apple.com
28,weibo.com
29,t.co
30,microsoft.com
31,paypal.com
32,163.com
33,mail.ru
34,google.com.br
35,soso.com
36,google.it
37,imdb.com
38,tumblr.com
39,google.es
40,go.com
41,livejasmin.com
42,google.ru
43,fc2.com
44,bbc.co.uk
45,flickr.com
46,sohu.com
47,vkontakte.ru
48,craigslist.org
49,googleusercontent.com
50,tudou.com
51,blogger.com
52,ask.com
53,youku.com
54,xvideos.com
55,tmall.com
56,babylon.com
57,google.com.mx
58,xhamster.com
59,ifeng.com
60,google.ca
61,espn.go.com
62,cnn.com
63,zedo.com
64,aol.com
65,adobe.com
66,amazon.de
67,ebay.de
68,about.com
69,conduit.com
70,rakuten.co.jp
71,google.co.id
72,mediafire.com
73,alibaba.com
74,ameblo.jp
75,alipay.com
76,megaupload.com
77,pornhub.com
78,amazon.co.uk
79,odnoklassniki.ru
80,thepiratebay.org
81,google.com.tr
82,walmart.com
83,cnet.com
84,uol.com.br
85,ebay.co.uk
86,google.com.au
87,godaddy.com
88,imgur.com
89,huffingtonpost.com
90,wordpress.org
91,4shared.com
92,360buy.com
93,google.pl
94,bp.blogspot.com
95,livedoor.com
96,youporn.com
97,chinaz.com
98,nytimes.com
99,amazon.co.jp
100,renren.com
101,netflix.com
102,livejournal.com
103,dailymotion.com
104,hao123.com
105,bestbuy.com
106,globo.com
107,stackoverflow.com
108,google.com.sa
109,cnzz.com
110,douban.com
111,google.nl
112,vimeo.com
113,sparkstudios.com
114,megaclick.com
115,badoo.com
116,sogou.com
117,secureserver.net
118,dailymail.co.uk
119,addthis.com
120,google.com.ar
121,reddit.com
122,tube8.com
123,xnxx.com
124,bankofamerica.com
125,stumbleupon.com
126,target.com
127,redtube.com
128,weather.com
129,doubleclick.com
130,goo.ne.jp
131,pengyou.com
132,filestube.com
133,indiatimes.com
134,google.com.pk
135,deviantart.com
136,google.cn
137,chase.com
138,naver.com
139,adf.ly
140,tianya.cn
141,fileserve.com
142,aweber.com
143,wikimedia.org
144,etsy.com
145,google.co.th
146,amazonaws.com
147,torrentz.eu
148,mywebsearch.com
149,imageshack.us
150,avg.com
151,warriorforum.com
152,google.com.eg
153,ehow.com
154,ups.com
155,photobucket.com
156,optmd.com
157,pconline.com.cn
158,fbcdn.net
159,myspace.com
160,spiegel.de
161,google.co.za
162,pinterest.com
163,nicovideo.jp
164,rediff.com
165,sourceforge.net
166,filesonic.com
167,foxnews.com
168,searchqu.com
169,taringa.net
170,ganji.com
171,wellsfargo.com
172,wikia.com
173,orkut.com
174,reference.com
175,download.com
176,search-results.com
177,58.com
178,comcast.net
179,guardian.co.uk
180,yieldmanager.com
181,statcounter.com
182,megavideo.com
183,skype.com
184,orkut.com.br
185,onet.pl
186,espncricinfo.com
187,blogfa.com
188,clicksor.com
189,rambler.ru
190,slideshare.net
191,mashable.com
192,allegro.pl
193,ucoz.ru
194,mozilla.org
195,liveinternet.ru
196,google.com.my
197,digg.com
198,tribalfusion.com
199,answers.com
200,zol.com.cn
201,csdn.net
202,google.co.ve
203,squidoo.com
204,secureintl.com
205,w3schools.com
206,yelp.com
207,bild.de
208,ameba.jp
209,files.wordpress.com
210,usps.com
211,xunlei.com
212,mixi.jp
213,xinhuanet.com
214,twitpic.com
215,free.fr
216,outbrain.com
217,people.com.cn
218,google.be
219,archive.org
220,hootsuite.com
221,rapidshare.com
222,360.cn
223,hulu.com
224,google.gr
225,newegg.com
226,orange.fr
227,56.com
228,terra.com.br
229,youjizz.com
230,hp.com
231,maktoob.com
232,repubblica.it
233,dell.com
234,hatena.ne.jp
235,soku.com
236,google.com.co
237,wsj.com
238,groupon.com
239,reuters.com
240,telegraph.co.uk
241,paipai.com
242,leboncoin.fr
243,salesforce.com
244,hostgator.com
245,php.net
246,adultfriendfinder.com
247,domaintools.com
248,typepad.com
249,daum.net
250,google.com.vn
251,soufun.com
252,fiverr.com
253,dropbox.com
254,samsung.com
255,themeforest.net
256,google.com.ua
257,constantcontact.com
258,web.de
259,kaskus.us
260,hudong.com
261,youdao.com
262,clickbank.com
263,google.com.tw
264,google.at
265,gmx.net
266,google.se
267,booking.com
268,cj.com
269,cam4.com
270,wordreference.com
271,kohls.com
272,android.com
273,google.ro
274,linkwithin.com
275,nfl.com
276,narod.ru
277,kaixin001.com
278,51.la
279,isohunt.com
280,washingtonpost.com
281,hardsextube.com
282,wp.pl
283,google.com.ph
284,toysrus.com
285,rutracker.org
286,libero.it
287,softonic.com
288,iqiyi.com
289,fedex.com
290,tagged.com
291,ign.com
292,google.ch
293,ikea.com
294,kat.ph
295,scribd.com
296,xe.com
297,instagr.am
298,tripadvisor.com
299,xing.com
300,china.com
301,homeway.com.cn
302,macys.com
303,corriere.it
304,2ch.net
305,ku6.com
306,google.com.pe
307,9gag.com
308,kakaku.com
309,10086.cn
310,hubpages.com
311,techcrunch.com
312,sears.com
313,google.cl
314,joomla.org
315,pof.com
316,thefreedictionary.com
317,americanexpress.com
318,forbes.com
319,marca.com
320,amazon.fr
321,angege.com
322,ebay.it
323,126.com
324,amazon.cn
325,google.co.kr
326,seesaa.net
327,att.com
328,digitalpoint.com
329,istockphoto.com
330,nifty.com
331,aizhan.com
332,google.com.sg
333,in.com
334,ezinearticles.com
335,google.pt
336,hotfile.com
337,vancl.com
338,google.com.ng
339,allrecipes.com
340,ig.com.br
341,uimserv.net
342,slickdeals.net
343,leo.org
344,yesky.com
345,dianping.com
346,drtuber.com
347,mop.com
348,mercadolivre.com.br
349,depositfiles.com
350,seznam.cz
351,t-online.de
352,over-blog.com
353,latimes.com
354,alimama.com
355,pandora.com
356,elpais.com
357,opendns.com
358,kooora.com
359,weebly.com
360,ning.com
361,soundcloud.com
362,w3.org
363,nih.gov
364,freelancer.com
365,barnesandnoble.com
366,facemoods.com
367,wretch.cc
368,usatoday.com
369,sweetim.com
370,vnexpress.net
371,huanqiu.com
372,netlog.com
373,goal.com
374,ebay.com.au
375,verizonwireless.com
376,jcpenney.com
377,engadget.com
378,bloomberg.com
379,shutterstock.com
380,videobb.com
381,retailmenot.com
382,match.com
383,google.ie
384,ero-advertising.com
385,commentcamarche.net
386,elmundo.es
387,drudgereport.com
388,indeed.com
389,trekaklik.com
390,gap.com
391,mailchimp.com
392,yfrog.com
393,spankwire.com
394,bluehost.com
395,google.ae
396,biglobe.ne.jp
397,sakura.ne.jp
398,abcnews.go.com
399,vk.com
400,mynet.com
401,ebay.fr
402,autohome.com.cn
403,delicious.com
404,hurriyet.com.tr
405,google.co.hu
406,dangdang.com
407,gazeta.pl
408,admin5.com
409,rr.com
410,metacafe.com
411,overstock.com
412,histats.com
413,chip.de
414,mpnrs.com
415,letv.com
416,zimbio.com
417,webs.com
418,btjunkie.org
419,multiupload.com
420,livedoor.biz
421,tmz.com
422,google.dk
423,milliyet.com.tr
424,businessinsider.com
425,surveymonkey.com
426,51job.com
427,twimg.com
428,multiply.com
429,pptv.com
430,softpedia.com
431,ibm.com
432,lenta.ru
433,cntv.cn
434,cnblogs.com
435,am10.ru
436,imagevenue.com
437,eastmoney.com
438,fotolia.com
439,youm7.com
440,livingsocial.com
441,google.no
442,people.com
443,swagbucks.com
444,rbc.ru
445,informer.com
446,peyvandha.ir
447,gsmarena.com
448,google.cz
449,foxsports.com
450,google.co.il
451,drupal.org
452,pchome.net
453,viadeo.com
454,cbssports.com
455,costco.com
456,jquery.com
457,seomoz.org
458,mihanblog.com
459,love21cn.com
460,expedia.com
461,capitalone.com
462,39.net
463,iloveyouxi.com
464,adcash.com
465,blog.163.com
466,choopa.net
467,xcar.com.cn
468,extratorrent.com
469,bitly.com
470,tabelog.com
471,github.com
472,hdfcbank.com
473,woot.com
474,4399.com
475,etao.com
476,gamespot.com
477,nextag.com
478,dmm.co.jp
479,media.tumblr.com
480,mgid.com
481,oracle.com
482,alphaporno.com
483,demonoid.me
484,zappos.com
485,time.com
486,irctc.co.in
487,zanox.com
488,hc360.com
489,keezmovies.com
490,google.fi
491,speedtest.net
492,pogo.com
493,ringtonepartner.com
494,ovh.net
495,foodnetwork.com
496,qunar.com
497,sitesell.com
498,115.com
499,xtendmedia.com
500,buzzfeed.com
501,naukri.com
502,homedepot.com
503,lemonde.fr
504,basecamphq.com
505,verycd.com
506,cbsnews.com
507,yandex.ua
508,battle.net
509,odesk.com
510,aliexpress.com
511,livescore.com
512,itau.com.br
513,17kuxun.com
514,y8.com
515,tradedoubler.com
516,shopathome.com
517,dianxin.cn
518,megacloud.com
519,mercadolibre.com.mx
520,wupload.com
521,letitbit.net
522,baixing.com
523,hoopchina.com
524,virgilio.it
525,thesun.co.uk
526,2345.com
527,meituan.com
528,yomiuri.co.jp
529,pch.com
530,agoda.com
531,discuz.net
532,linksynergy.com
533,abril.com.br
534,exblog.jp
535,bearshare.com
536,detik.com
537,iteye.com
538,ustream.tv
539,ilivid.com
540,exoclick.com
541,bitauto.com
542,movie2k.to
543,posterous.com
544,mercadolibre.com.ar
545,blackberry.com
546,blackhatworld.com
547,marketwatch.com
548,coupons.com
549,miniclip.com
550,adjuggler.net
551,imesh.com
552,shareasale.com
553,businessweek.com
554,partypoker.com
555,myegy.com
556,comcast.com
557,51.com
558,imagebam.com
559,custhelp.com
560,nu.nl
561,tigerdirect.com
562,news.com.au
563,tnaflix.com
564,persianblog.ir
565,seriesyonkis.com
566,shoplocal.com
567,slutload.com
568,bigpoint.com
569,traforet.ru
570,webmd.com
571,admagnet.net
572,geocities.jp
573,chinanews.com
574,tinypic.com
575,sape.ru
576,verizon.com
577,feedburner.com
578,staples.com
579,enet.com.cn
580,flipkart.com
581,oneindia.in
582,cocolog-nifty.com
583,altervista.org
584,duowan.com
585,incredimail.com
586,sponichi.co.jp
587,issuu.com
588,gc.ca
589,zhaopin.com
590,nokia.com
591,fatakat.com
592,wunderground.com
593,icicibank.com
594,snapdeal.com
595,asahi.com
596,sahibinden.com
597,lowes.com
598,docin.com
599,ya.ru
600,wired.com
601,gotomeeting.com
602,amung.us
603,123rf.com
604,jimdo.com
605,meetup.com
606,zynga.com
607,moneycontrol.com
608,nikkeibp.co.jp
609,sinaimg.cn
610,skyrock.com
611,weather.com.cn
612,ebay.in
613,lashou.com
614,nba.com
615,iminent.com
616,grooveshark.com
617,vente-privee.com
618,varzesh3.com
619,wix.com
620,victoriassecret.com
621,so-net.ne.jp
622,focus.cn
623,whitepages.com
624,who.is
625,acesse.com
626,timeanddate.com
627,lzjl.com
628,buy.com
629,ocn.ne.jp
630,www.net.cn
631,ct10000.com
632,cnbc.com
633,lequipe.fr
634,nhl.com
635,smashingmagazine.com
636,kijiji.ca
637,videorewardspot.com
638,pcworld.com
639,inetglobal.com
640,disney.go.com
641,dantri.com.vn
642,justin.tv
643,camzap.com
644,tutsplus.com
645,pcauto.com.cn
646,wo.com.cn
647,google.sk
648,qidian.com
649,zillow.com
650,nate.com
651,pcgames.com.cn
652,gutefrage.net
653,excite.co.jp
654,qvc.com
655,cnbeta.com
656,templatemonster.com
657,orkut.co.in
658,lockerz.com
659,it168.com
660,immobilienscout24.de
661,xtube.com
662,urbandictionary.com
663,force.com
664,bet365.com
665,akamaihd.net
666,getresponse.com
667,blog.com
668,xbox.com
669,porn.com
670,google.co.ma
671,ndtv.com
672,xvideoslive.com
673,mobile.de
674,eluniversal.com.mx
675,way2sms.com
676,last.fm
677,4tube.com
678,warez-bb.org
679,ibibo.com
680,tom.com
681,putlocker.com
682,lefigaro.fr
683,pixmania.com
684,filehippo.com
685,cmbchina.com
686,adscale.de
687,elance.com
688,lifehacker.com
689,mysql.com
690,babycenter.com
691,gnavi.co.jp
692,vmn.net
693,bleacherreport.com
694,biglion.ru
695,uploading.com
696,wiktionary.org
697,kmart.com
698,oron.com
699,cracked.com
700,nordstrom.com
701,hypergames.net
702,nhk.or.jp
703,monster.com
704,quikr.com
705,filejungle.com
706,mapquest.com
707,heise.de
708,sapo.pt
709,beemp3.com
710,inbox.com
711,dreamstime.com
712,gizmodo.com
713,beeg.com
714,bhphotovideo.com
715,npr.org
716,qip.ru
717,jugem.jp
718,pgmediaserve.com
719,nikkei.com
720,hubspot.com
721,quickmeme.com
722,backpage.com
723,as.com
724,interia.pl
725,uploaded.to
726,icbc.com.cn
727,dealextreme.com
728,list-manage.com
729,yellowpages.com
730,videozer.com
731,myfreecams.com
732,theplanet.com
733,sulekha.com
734,macrumors.com
735,southwest.com
736,usbank.com
737,appspot.com
738,fotostrana.ru
739,kinopoisk.ru
740,careerbuilder.com
741,java.com
742,tripod.com
743,japanpost.jp
744,webmoney.ru
745,ynet.com
746,ziddu.com
747,softlayer.com
748,gamefaqs.com
749,xda-developers.com
750,zazzle.com
751,accuweather.com
752,zing.vn
753,dmoz.org
754,bizrate.com
755,infusionsoft.com
756,europa.eu
757,arpg2.com
758,seoquake.com
759,ft.com
760,tubegalore.com
761,haberturk.com
762,examiner.com
763,made-in-china.com
764,rakuten.ne.jp
765,impress.co.jp
766,pornerbros.com
767,asos.com
768,kompas.com
769,pagesjaunes.fr
770,paper.li
771,avito.ru
772,m-w.com
773,steampowered.com
774,atwiki.jp
775,citibank.com
776,google.co.nz
777,uploadstation.com
778,allocine.fr
779,neobux.com
780,howstuffworks.com
781,enterfactory.com
782,zendesk.com
783,onlinedown.net
784,shutterfly.com
785,logmein.com
786,mtime.com
787,td.com
788,brothersoft.com
789,manta.com
790,adultadworld.com
791,ccb.com
792,wikihow.com
793,dict.cc
794,seobook.com
795,mercadolibre.com.ve
796,groupon.cn
797,anonym.to
798,okwave.jp
799,thepostgame.com
800,uuu9.com
801,sfgate.com
802,sidereel.com
803,namecheap.com
804,google.az
805,klout.com
806,blogimg.jp
807,msn.ca
808,google.bg
809,icontact.com
810,xhamstercams.com
811,infolinks.com
812,microsoftonline.com
813,bodybuilding.com
814,okcupid.com
815,nasa.gov
816,boston.com
817,flippa.com
818,hsbc.co.uk
819,foursquare.com
820,sanook.com
821,indianrail.gov.in
822,pclady.com.cn
823,rottentomatoes.com
824,sfr.fr
825,telegraaf.nl
826,mangareader.net
827,aftonbladet.se
828,fnac.com
829,sony.com
830,earthlink.net
831,nextmedia.com
832,empflix.com
833,smh.com.au
834,hiapk.com
835,adult-empire.com
836,intuit.com
837,habrahabr.ru
838,linternaute.com
839,jxliu.com
840,welt.de
841,pcmag.com
842,speedbit.com
843,picnik.com
844,google.com.kw
845,nationalgeographic.com
846,liveperson.net
847,zhubajie.com
848,gazzetta.it
849,google.com.qa
850,nydailynews.com
851,ctrip.com
852,porntube.com
853,avast.com
854,yiqifa.com
855,tenpay.com
856,goodreads.com
857,qiyi.com
858,nypost.com
859,1und1.de
860,pixiv.net
861,dyndns.org
862,allabout.co.jp
863,vivanews.com
864,metrolyrics.com
865,alice.it
866,taleo.net
867,plusnetwork.com
868,google.lk
869,itmedia.co.jp
870,gamestop.com
871,playstation.com
872,1channel.ch
873,idealo.de
874,iconfinder.com
875,clixsense.com
876,amazon.it
877,tuan800.com
878,ucoz.com
879,sky.com
880,19lou.com
881,orf.at
882,dtiblog.com
883,fatwallet.com
884,searchengines.ru
885,tistory.com
886,nuvid.com
887,ahram.org.eg
888,sitemeter.com
889,naver.jp
890,ticketmaster.com
891,discovery.com
892,codecanyon.net
893,priceline.com
894,subscene.com
895,xyxy.net
896,trafficholder.com
897,radikal.ru
898,songs.pk
899,skycn.com
900,magentocommerce.com
901,cheshi.com.cn
902,filepost.com
903,tabnak.ir
904,jibjab.com
905,foxtab.com
906,networkedblogs.com
907,hotels.com
908,pixnet.net
909,tuenti.com
910,888.com
911,intel.com
912,walgreens.com
913,markosweb.com
914,ekolay.net
915,argos.co.uk
916,independent.co.uk
917,aljazeera.net
918,6.cn
919,twoo.com
920,nipic.com
921,bahn.de
922,break.com
923,ca.gov
924,tataindicom.com
925,cnr.cn
926,opensiteexplorer.org
927,justbeenpaid.com
928,goo.gl
929,dhl.de
930,sitepoint.com
931,zeekrewards.com
932,premierleague.com
933,novinky.cz
934,clickbank.net
935,sxc.hu
936,clarin.com
937,justdial.com
938,mail.com
939,empowernetwork.com
940,aruba.it
941,masrawy.com
942,asg.to
943,mediaset.it
944,24h.com.vn
945,jeuxvideo.com
946,askmen.com
947,lacaixa.es
948,scriptmafia.org
949,battlefield.com
950,noticias24.com
951,zoho.com
952,ebay.ca
953,idnes.cz
954,seowhy.com
955,marktplaats.nl
956,gazeta.ru
957,opera.com
958,klikbca.com
959,streamate.com
960,cbslocal.com
961,laredoute.fr
962,yocc.net
963,makeuseof.com
964,infoseek.co.jp
965,hi5.com
966,lenovo.com
967,sueddeutsche.de
968,ebay.es
969,adonweb.ru
970,play.com
971,icicibank.co.in
972,uefa.com
973,swtor.com
974,google.com.ec
975,hm.com
976,17173.com
977,elegantthemes.com
978,orbitz.com
979,ultimate-guitar.com
980,samsclub.com
981,apache.org
982,nk.pl
983,cafepress.com
984,tesco.com
985,shangdu.com
986,cbs.com
987,egotastic.com
988,mangafox.com
989,gamer.com.tw
990,warriorplus.com
991,sanspo.com
992,freeones.com
993,box.com
994,100tjs.com
995,mybrowserbar.com
996,hidemyass.com
997,21cn.com
998,ancestry.com
999,mlb.com
1000,usmagazine.com
